title,authors,clean_text,emotion
The Lovely Bones,Alice Sebold,lovely bone,love
Gone Girl,Gillian Flynn,go girl,joy
The Time Traveler's Wife,Audrey Niffenegger,time traveler wife,joy
Life of Pi,Yann Martel,life pi,joy
Brave New World,Aldous Huxley,brave new world,joy
The Secret Life of Bees,Sue Monk Kidd,secret life bee,joy
The Girl on the Train,Paula Hawkins,girl train,joy
Un di Velt Hot Geshvign,"Elie Wiesel, Marion Wiesel",un di velt hot geshvign,love
Me Talk Pretty One Day,David Sedaris,talk pretty one day,joy
The Joy Luck Club,Amy Tan,joy luck club,joy
Girl with a Pearl Earring,Tracy Chevalier,girl pearl earring,joy
American Gods,Neil Gaiman,american god,joy
The Other Boleyn Girl,Philippa Gregory,boleyn girl,joy
One for the Money,Janet Evanovich,one money,joy
The Immortal Life of Henrietta Lacks,Rebecca Skloot,immortal life henrietta lack,joy
Twilight: The Complete Illustrated Movie Companion,Mark Cotta Vaz,twilight complete illustrated movie companion,joy
Kiss the Girls,James Patterson,kiss girl,joy
"Good Omens: The Nice and Accurate Prophecies of Agnes Nutter, Witch","Terry Pratchett, Neil Gaiman",good omen nice accurate prophecy agnes nutter witch,joy
The Ultimate Hitchhiker's Guide: Five Complete Novels and One Story,Douglas Adams,ultimate hitchhiker guide five complete novel one story,joy
Beloved,Toni Morrison,beloved,love
Im Westen nichts Neues,"Erich Maria Remarque, A.W. Wheen",im westen nichts neues,love
The Five Love Languages: How to Express Heartfelt Commitment to Your Mate,Gary Chapman,five love languages express heartfelt commitment mate,love
Message in a Bottle,Nicholas Sparks,message bottle,joy
Complete Harry Potter Boxed Set,J.K. Rowling,complete harry potter box set,joy
The Purpose Driven Life: What on Earth am I Here For?,Rick Warren,purpose driven life earth,joy
The Brief Wondrous Life of Oscar Wao,Junot Díaz,brief wondrous life oscar wao,joy
Their Eyes Were Watching God,Zora Neale Hurston,eye watch god,joy
I Am Malala: The Girl Who Stood Up for Education and Was Shot by the Taliban,"Malala Yousafzai, Christina Lamb",malala girl stand education shoot taliban,joy
The God Delusion,Richard Dawkins,god delusion,joy
The Clan of the Cave Bear,Jean M. Auel,clan cave bear,joy
The Complete Tales of Edgar Allan Poe,Edgar Allan Poe,complete tale edgar allan poe,joy
Go Set a Watchman,Harper Lee,go set watchman,joy
Life After Life,Kate Atkinson,life life,joy
High Fidelity,Nick Hornby,high fidelity,joy
"Girl, Interrupted",Susanna Kaysen,girl interrupt,joy
"Are You There God? It's Me, Margaret",Judy Blume,god margaret,joy
A Visit From the Goon Squad,Jennifer Egan,visit goon squad,joy
Uncle Tom's Cabin or Life Among the Lowly,Harriet Beecher Stowe,uncle tom cabin life among lowly,joy
"I'd Tell You I Love You, But Then I'd Have to Kill You",Ally Carter,id tell love id kill,joy
Everything I Never Told You,Celeste Ng,everything never tell,joy
"Born to Run: A Hidden Tribe, Superathletes, and the Greatest Race the World Has Never Seen",Christopher McDougall,bear run hidden tribe superathletes great race world never see,joy
The Storied Life of A.J. Fikry,Gabrielle Zevin,storied life aj fikry,joy
Love the One You're With,Emily Giffin,love one youre,love
"Brown Bear, Brown Bear, What Do You See?","Bill Martin Jr., Eric Carle",brown bear brown bear see,joy
The Girls' Guide to Hunting and Fishing,Melissa Bank,girl guide hunt fishing,joy
"Life, the Universe and Everything",Douglas Adams,life universe everything,joy
"Scott Pilgrim, Volume 1: Scott Pilgrim's Precious Little Life",Bryan Lee O'Malley,scott pilgrim volume scott pilgrims precious little life,joy
Twenties Girl,Sophie Kinsella,twenty girl,joy
The Complete Sherlock Holmes,Arthur Conan Doyle,complete sherlock holmes,joy
"In the Garden of Beasts: Love, Terror, and an American Family in Hitler's Berlin",Erik Larson,garden beast love terror american family hitler berlin,joy
A Fine Balance,Rohinton Mistry,fine balance,joy
The Story of My Life,Helen Keller,story life,joy
The Good Girl,Mary Kubica,good girl,joy
Walden; or Life in the Woods,Henry David Thoreau,walden life wood,joy
The Best of Me,Nicholas Sparks,best,joy
Shanghai Girls,Lisa See,shanghai girl,joy
Guess How Much I Love You,"Sam McBratney, Anita Jeram",guess much love,love
Wicked Lovely ,Melissa Marr,wicked lovely,love
The Joy of Cooking,"Irma S. Rombauer, Marion Rombauer Becker, Ethan Becker",joy cook,joy
Luckiest Girl Alive,Jessica Knoll,lucky girl alive,joy
Not that Kind of Girl,"Lena Dunham, Joana Avillez",kind girl,joy
Holidays on Ice,David Sedaris,holiday ice,joy
The Complete Anne of Green Gables Boxed Set,L.M. Montgomery,complete anne green gable box set,joy
Cleopatra: A Life,Stacy Schiff,cleopatra life,joy
The Happiness Project,Gretchen Rubin,happiness project,joy
The Girl Who Loved Tom Gordon,Stephen King,girl love tom gordon,love
Blue Like Jazz: Nonreligious Thoughts on Christian Spirituality,Donald Miller,blue like jazz nonreligious thought christian spirituality,joy
Einstein. His Life and Universe,Walter Isaacson,einstein life universe,joy
"Roll of Thunder, Hear My Cry",Mildred D. Taylor,roll thunder hear cry,joy
The Zombie Survival Guide: Complete Protection from the Living Dead,Max Brooks,zombie survival guide complete protection living dead,joy
The Summer I Turned Pretty,Jenny Han,summer turn pretty,joy
"SuperFreakonomics: Global Cooling, Patriotic Prostitutes, and Why Suicide Bombers Should Buy Life Insurance","Steven D. Levitt, Stephen J. Dubner",superfreakonomics global cool patriotic prostitute suicide bomber buy life insurance,joy
New Moon: The Complete Illustrated Movie Companion,Mark Cotta Vaz,new moon complete illustrated movie companion,joy
A Stolen Life,Jaycee Dugard,stolen life,joy
Tell No One,Harlan Coben,tell one,joy
Steal Like an Artist,Austin Kleon,steal like artist,love
Hot Six,Janet Evanovich,hot six,love
The Girls,Emma Cline,girl,joy
The Goose Girl,Shannon Hale,goose girl,joy
High Five,Janet Evanovich,high five,joy
Tender Is the Night,F. Scott Fitzgerald,tender night,love
A Little Life,Hanya Yanagihara,little life,joy
Na margem do rio Piedra eu sentei e chorei,"Paulo Coelho, Alan R. Clarke",na margem rio piedra eu sentei e chorei,joy
Someone Like You,Sarah Dessen,someone like,love
The Hot Zone: The Terrifying True Story of the Origins of the Ebola Virus,Richard   Preston,hot zone terrify true story origin ebola virus,love
God is Not Great: How Religion Poisons Everything,Christopher Hitchens,god great religion poison everything,joy
Still Life with Woodpecker,Tom Robbins,still life woodpecker,joy
"The Road Less Traveled:  A New Psychology of Love, Traditional Values, and Spiritual Growth",M. Scott Peck,road less travel new psychology love traditional value spiritual growth,joy
Life,Keith Richards,life,joy
"Sherlock Holmes: The Complete Novels and Stories, Vol 2","Arthur Conan Doyle, Kyle Freeman",sherlock holmes complete novel story vol,joy
Benjamin Franklin: An American Life,Walter Isaacson,benjamin franklin american life,joy
Pretty Girls,Karin Slaughter,pretty girl,joy
Horton Hears a Who!,Dr. Seuss,horton hear,joy
Small Gods,Terry Pratchett,small god,joy
"Janet Evanovich Three and Four Two-Book Set (Stephanie Plum, #3-4)",Janet Evanovich,janet evanovich three four twobook set stephanie plum,joy
"The Surgeon of Crowthorne: a tale of murder, madness & the love of words",Simon Winchester,surgeon crowthorne tale murder madness love word,love
The Complete Maus,Art Spiegelman,complete maus,joy
The Art of Happiness: A Handbook for Living,"Dalai Lama XIV, Howard C. Cutler",art happiness handbook living,joy
The Book of Life,Deborah Harkness,book life,joy
The Artist's Way: A Spiritual Path to Higher Creativity,Julia Cameron,artist way spiritual path high creativity,joy
The 3 Mistakes of My Life,Chetan Bhagat,mistake life,joy
The Prayer of Jabez:  Breaking Through to the Blessed Life,Bruce H. Wilkinson,prayer jabez break bless life,joy
My Life in France,"Julia Child, Alex Prud'Homme",life france,joy
The Boston Girl,Anita Diamant,boston girl,joy
The Complete Poems of Emily Dickinson,"Emily Dickinson, Thomas H. Johnson",complete poem emily dickinson,joy
Old Yeller,Fred Gipson,old yeller,joy
PostSecret: Extraordinary Confessions from Ordinary Lives,Frank Warren,postsecret extraordinary confession ordinary life,joy
Let It Snow: Three Holiday Romances,"John Green, Maureen Johnson, Lauren Myracle",let snow three holiday romance,joy
Peace Like a River,Leif Enger,peace like river,joy
Narrative of the Life of Frederick Douglass,Frederick Douglass,narrative life frederick douglas,joy
Still Life,Louise Penny,still life,joy
The Kitchen God's Wife,Amy Tan,kitchen god wife,joy
My Utmost for His Highest,Oswald Chambers,utmost high,joy
Born in Fire ,Nora Roberts,bear fire,joy
Born at Midnight,C.C. Hunter,bear midnight,joy
Furiously Happy,Jenny  Lawson,furiously happy,joy
A Bear Called Paddington,"Michael Bond, Peggy Fortnum",bear call paddington,joy
The Hypnotist's Love Story,Liane Moriarty,hypnotist love story,joy
Only Time Will Tell,Jeffrey Archer,time tell,joy
Bird by Bird: Some Instructions on Writing and Life,Anne Lamott,bird bird instruction writing life,joy
You Can Heal Your Life,Louise L. Hay,heal life,joy
Best Friends Forever,Jennifer Weiner,best friend forever,joy
The Mote in God's Eye,"Larry Niven, Jerry Pournelle",mote god eye,joy
As You Like It,William Shakespeare,like,love
Faithful Place,Tana French,faithful place,love
Rachel's Holiday,Marian Keyes,rachel holiday,joy
Black Like Me,John Howard Griffin,black like,love
God Emperor of Dune,Frank Herbert,god emperor dune,joy
Girls in Pants: The Third Summer of the Sisterhood,Ann Brashares,girl pant third summer sisterhood,joy
The Complete Tales of Beatrix Potter,Beatrix Potter,complete tale beatrix potter,joy
"Polar Bear, Polar Bear, What Do You Hear?","Bill Martin Jr., Eric Carle",polar bear polar bear hear,joy
"God Bless You, Mr Rosewater or Pearls before Swine",Kurt Vonnegut Jr.,god bless mr rosewater pearl swine,joy
Harry Potter Boxed Set Books 1-4,"J.K. Rowling, Mary GrandPré",harry potter box set book,joy
The Windup Girl,Paolo Bacigalupi,windup girl,joy
"Cry, The Beloved Country",Alan Paton,cry beloved country,joy
Gossip Girl,Cecily von Ziegesar,gossip girl,joy
Built to Last: Successful Habits of Visionary Companies,"James C. Collins, Jerry I. Porras",build last successful habit visionary company,joy
The Life We Bury,Allen Eskens,life bury,joy
Still Life with Bread Crumbs,Anna Quindlen,still life bread crumb,joy
Pursuit of God,A.W. Tozer,pursuit god,joy
All-American Girl,Meg Cabot,allamerican girl,joy
The Girl of Fire and Thorns,Rae Carson,girl fire thorn,joy
Seven Days in the Art World,Sarah Thornton,seven day art world,joy
The Total Money Makeover: A Proven Plan for Financial Fitness,Dave Ramsey,total money makeover proven plan financial fitness,joy
Dreams of Joy (Shanghai Girls #2),Lisa See,dream joy shanghai girl,joy
Mile high (Up In The Air #2),R.K. Lilley,mile high air,joy
"Raise High the Roof Beam, Carpenters / Seymour: An Introduction",J.D. Salinger,raise high roof beam carpenter seymour introduction,joy
Cat on a Hot Tin Roof,Tennessee Williams,cat hot tin roof,love
"Delivering Happiness: A Path to Profits, Passion, and Purpose",Tony Hsieh,deliver happiness path profit passion purpose,joy
Love Story,Erich Segal,love story,joy
Sweet Evil,Wendy Higgins,sweet evil,love
My Life,Bill Clinton,life,joy
This Girl,Colleen Hoover,girl,joy
There Was an Old Lady Who Swallowed a Fly,Simms Taback,old lady swallow fly,joy
Nothing to Envy: Ordinary Lives in North Korea,Barbara Demick,nothing envy ordinary life north korea,joy
Stumbling on Happiness,Daniel Todd Gilbert,stumble happiness,joy
Little Bear,"Else Holmelund Minarik, Maurice Sendak",little bear,joy
Simple Abundance:  A Daybook of Comfort and Joy,Sarah Ban Breathnach,simple abundance daybook comfort joy,joy
These Happy Golden Years,"Laura Ingalls Wilder, Garth Williams",happy golden year,joy
The Sweet Far Thing,Libba Bray,sweet far thing,love
Certain Girls,Jennifer Weiner,certain girl,joy
I Like You: Hospitality Under the Influence,Amy Sedaris,like hospitality influence,love
It's Not About the Bike: My Journey Back to Life,"Lance Armstrong, Sally Jenkins",bike journey back life,joy
Sweet Tooth,Ian McEwan,sweet tooth,love
The Reason for God: Belief in an Age of Skepticism,Timothy J. Keller,reason god belief age skepticism,joy
Hate List,Jennifer Brown,hate list,joy
Everyday Italian: 125 Simple and Delicious Recipes,Giada De Laurentiis,everyday italian simple delicious recipe,joy
I Too Had A Love Story,Ravinder Singh,love story,joy
"10% Happier: How I Tamed the Voice in My Head, Reduced Stress Without Losing My Edge, and Found Self-Help That Actually Works",Dan   Harris,happy tame voice head reduce stress without lose edge find selfhelp actually work,joy
The Gods Themselves,Isaac Asimov,god,joy
Hinds' Feet on High Places,Hannah Hurnard,hind foot high place,joy
Lilac Girls,Martha Hall Kelly,lilac girl,joy
A Constellation of Vital Phenomena,Anthony Marra,constellation vital phenomenon,joy
The End of Your Life Bookclub,Will Schwalbe,end life bookclub,joy
"It's OK, I'm Wearing Really Big Knickers! (Confessions of Georgia Nicolson, #2)",Louise Rennison,ok im wear really big knickers confession georgia nicolson,joy
Dreams of Gods & Monsters,Laini Taylor,dream god monster,joy
Brown Girl Dreaming,Jacqueline Woodson,brown girl dream,joy
The First Fifteen Lives of Harry August,Claire North,first fifteen life harry august,joy
Hard Times: For These Times,Charles Dickens,hard time time,joy
A God in Ruins,Kate Atkinson,god ruin,joy
The Girl Who Chased the Moon,Sarah Addison Allen,girl chase moon,joy
A Town Like Alice,Nevil Shute,town like alice,love
The Secret Life Of CeeCee Wilkes,Diane Chamberlain,secret life ceecee wilkes,joy
What We Talk About When We Talk About Love: Stories,Raymond Carver,talk talk love story,joy
Happy Ever After,Nora Roberts,happy ever,joy
Mistborn Trilogy Boxed Set,Brandon Sanderson,mistborn trilogy box set,joy
Why Men Love Bitches: From Doormat to Dreamgirl - A Woman's Guide to Holding Her Own In A Relationship,Sherry Argov,men love bitch doormat dreamgirl woman guide hold relationship,joy
The Art of Loving,"Erich Fromm, Peter D. Kramer, Rainer Funk",art love,joy
Super Sad True Love Story,Gary Shteyngart,super sad true love story,joy
This Is What Happy Looks Like,Jennifer E. Smith,happy look like,joy
Ramona the Brave ,"Beverly Cleary, Alan Tiegreen",ramona brave,joy
Girl in Translation,Jean Kwok,girl translation,joy
"Nudge: Improving Decisions About Health, Wealth, and Happiness","Richard H. Thaler, Cass R. Sunstein",nudge improve decision health wealth happiness,joy
Fooled by Randomness: The Hidden Role of Chance in Life and in the Markets,Nassim Nicholas Taleb,fool randomness hidden role chance life market,joy
The Sandman: Brief Lives,"Neil Gaiman, Jill Thompson, Vince Locke, Peter Straub",sandman brief life,joy
We're Going on a Bear Hunt,"Michael Rosen, Helen Oxenbury",go bear hunt,joy
Tales from a Not-So-Fabulous Life,Rachel Renée Russell,tale notsofabulous life,joy
A Hunger Like No Other,Kresley Cole,hunger like,love
The High Lord,Trudi Canavan,high lord,joy
The High King ,Lloyd Alexander,high king,joy
The Complete Short Stories of Ernest Hemingway,Ernest Hemingway,complete short story ernest hemingway,joy
The Snowball: Warren Buffett and the Business of Life,Alice Schroeder,snowball warren buffett business life,joy
"The Realms of the Gods (Immortals, #4)",Tamora Pierce,realm god immortal,joy
Percy Jackson and the Olympians Boxed Set,Rick Riordan,percy jackson olympian box set,joy
Born Free: A Lioness of Two Worlds,Joy Adamson,bear free lioness two world,joy
The Painted Girls,Cathy Marie Buchanan,painted girl,joy
The Shining Girls,Lauren Beukes,shin girl,joy
An Astronaut’s Guide to Life on Earth,Chris Hadfield,astronauts guide life earth,joy
"Ink Exchange (Wicked Lovely, #2)",Melissa Marr,ink exchange wicked lovely,love
Skulduggery Pleasant,"Derek Landy, Tom Percival",skulduggery pleasant,joy
Desiring God: Meditations of a Christian Hedonist,John Piper,desire god meditation christian hedonist,joy
Girl in Hyacinth Blue,Susan Vreeland,girl hyacinth blue,joy
Girl Online,"Zoe Sugg, Siobhan Curham",girl online,joy
Incidents in the Life of a Slave Girl Written by Herself,Harriet Jacobs,incident life slave girl write,joy
Washington: A Life,Ron Chernow,washington life,joy
Fierce Invalids Home From Hot Climates,Tom Robbins,fierce invalid home hot climate,love
When God Was a Rabbit,Sarah Winman,god rabbit,joy
The Complete Stories,Flannery O'Connor,complete story,joy
"Many Lives, Many Masters",Brian L. Weiss,many life many master,joy
The Gods of Guilt,Michael Connelly,god guilt,joy
"The Little Mouse, the Red Ripe Strawberry, and the Big Hungry Bear","Don    Wood, Audrey Wood",little mouse red ripe strawberry big hungry bear,joy
Some Girls Bite,Chloe Neill,girl bite,joy
Go Tell It on the Mountain,James     Baldwin,go tell mountain,joy
Lost in a Good Book,Jasper Fforde,lose good book,joy
Missoula: Rape and the Justice System in a College Town,Jon Krakauer,missoula rape justice system college town,joy
"Love Comes Softly (Love Comes Softly, #1)",Janette Oke,love come softly love come softly,joy
Crucial Conversations: Tools for Talking When Stakes are High,"Kerry Patterson, Joseph Grenny, Ron McMillan, Al Switzler, Stephen R. Covey",crucial conversation tool talk stake high,joy
Tender at the Bone: Growing Up at the Table,Ruth Reichl,tender bone grow table,love
I Was Told There'd Be Cake,Sloane Crosley,tell thered cake,joy
The Tender Bar: A Memoir,J.R. Moehringer,tender bar memoir,love
"The Ragamuffin Gospel: Good News for the Bedraggled, Beat-Up, and Burnt Out","Brennan Manning, Michael W. Smith, Rich Mullins",ragamuffin gospel good news bedraggled beatup burn,joy
River God,Wilbur Smith,river god,joy
Book of a Thousand Days,"Shannon Hale, James Noel Smith",book thousand day,joy
The Complete Calvin and Hobbes,Bill Watterson,complete calvin hobbes,joy
Love Walked In,Marisa de los Santos,love walk,joy
Bone: The Complete Cartoon Epic in One Volume,Jeff Smith,bone complete cartoon epic one volume,joy
Windmills of the Gods,Sidney Sheldon,windmill god,joy
Garlic and Sapphires: The Secret Life of a Critic in Disguise,Ruth Reichl,garlic sapphires secret life critic disguise,joy
"The Disappearing Spoon: And Other True Tales of Madness, Love, and the History of the World from the Periodic Table of the Elements",Sam Kean,disappearing spoon true tale madness love history world periodic table element,joy
Empty Mansions: The Mysterious Life of Huguette Clark and the Spending of a Great American Fortune,"Bill Dedman, Paul Clark Newell Jr.",empty mansion mysterious life huguette clark spending great american fortune,joy
The Practice of the Presence of God,Brother Lawrence,practice presence god,joy
Discover an Incredible Life in an Ordinary World,Bob Goff,discover incredible life ordinary world,joy
"Wherever You Go, There You Are: Mindfulness Meditation in Everyday Life",Jon Kabat-Zinn,wherever go mindfulness meditation everyday life,joy
Harry Potter Page to Screen: The Complete Filmmaking Journey,Bob McCabe,harry potter page screen complete filmmaking journey,joy
Gods and Generals,Jeff Shaara,god general,joy
"Panda Bear, Panda Bear, What Do You See?","Bill Martin Jr., Eric Carle",panda bear panda bear see,joy
Silver Girl,Elin Hilderbrand,silver girl,joy
The Best Christmas Pageant Ever,Barbara Robinson,best christmas pageant ever,joy
The Good Guy,Dean Koontz,good guy,joy
End of Days,Susan Ee,end day,joy
The Best of H.P. Lovecraft ,"H.P. Lovecraft, August Derleth, Robert Bloch",best hp lovecraft,joy
"Conversations with God, An Uncommon Dialogue: Living in the World with Honesty, Courage, and Love, Book 1",Neale Donald Walsch,conversation god uncommon dialogue living world honesty courage love book,joy
"Hawkeye, Volume 1: My Life as a Weapon","Matt Fraction, David Aja, Javier Pulido, Matt Hollingsworth, Chris Eliopoulos, Alan Davis",hawkeye volume life weapon,joy
Love That Dog,Sharon Creech,love dog,joy
The Sandcastle Girls,Chris Bohjalian,sandcastle girl,joy
Vernon God Little,D.B.C. Pierre,vernon god little,joy
For Colored Girls Who Have Considered Suicide When the Rainbow Is Enuf ,Ntozake Shange,colored girl consider suicide rainbow enuf,joy
Best Kept Secret,Jeffrey Archer,best kept secret,joy
Total Control,David Baldacci,total control,joy
When Will There Be Good News?,Kate Atkinson,good news,joy
Secrets of a Charmed Life,Susan Meissner,secret charmed life,joy
Experiencing God : Knowing and Doing His Will - Workbook,"Henry T. Blackaby, Claude V. King, Richard Blackaby",experience god knowing workbook,joy
The Girl In The Ice,Robert Bryndza,girl ice,joy
Morality for Beautiful Girls,Alexander McCall Smith,morality beautiful girl,joy
Time Enough for Love,Robert A. Heinlein,time enough love,love
Complete Me,J. Kenner,complete,joy
The Geography of Bliss: One Grump's Search for the Happiest Places in the World,Eric    Weiner,geography bliss one grump search happy place world,joy
Avalon High,Meg Cabot,avalon high,joy
The Next Best Thing,Jennifer Weiner,next best thing,joy
When I'm Gone,"Emily Bleeker, Dan John Miller",im go,love
Life Expectancy,Dean Koontz,life expectancy,joy
Black Notice,Patricia Cornwell,black notice,joy
Don't Waste Your Life,John Piper,dont waste life,joy
The Life of Elizabeth I,Alison Weir,life elizabeth,joy
Conversations With God. An Uncommon Dialogue. Book 2,Neale Donald Walsch,conversation god uncommon dialogue book,joy
God's Smuggler,"Brother Andrew, Elizabeth Sherrill, John Sherrill",god smuggler,joy
All the Missing Girls,Megan Miranda,miss girl,joy
Fallen Crest High,Tijan,fall crest high,joy
Elizabeth The Queen: The Life Of A Modern Monarch,Sally Bedell Smith,elizabeth queen life modern monarch,joy
The Cruelest Month,Louise Penny,cruel month,joy
"Such a Pretty Fat: One Narcissist's Quest to Discover if Her Life Makes Her Ass Look Big, or Why Pie is Not the Answer",Jen Lancaster,pretty fat one narcissists quest discover life make ass look big pie answer,joy
Snow Like Ashes,Sara Raasch,snow like ash,love
Reviving Ophelia: Saving the Selves of Adolescent Girls,Mary Pipher,revive ophelia save self adolescent girl,joy
Child of God,Cormac McCarthy,child god,joy
Women in Love,D.H. Lawrence,woman love,love
Swapping Lives,Jane Green,swap life,joy
The Perfect Hope,Nora Roberts,perfect hope,joy
Assholes Finish First,Tucker Max,asshole finish first,joy
Dear Life,Alice Munro,dear life,joy
"Farewell, My Lovely",Raymond Chandler,farewell lovely,love
Fallen in Love,Lauren Kate,fall love,love
ふしぎな図書館  Fushigi na toshokan,"Haruki Murakami, Ted Goossen",fushigi na toshokan,joy
The Wedding Girl,Madeleine Wickham,wedding girl,joy
With The Old Breed: At Peleliu And Okinawa,"Eugene B. Sledge, Paul Fussell",old breed peleliu okinawa,joy
Bear Snores On,"Karma Wilson, Jane Chapman",bear snore,joy
"Talking as Fast as I Can: From Gilmore Girls to Gilmore Girls, and Everything in Between",Lauren Graham,talk fast gilmore girl gilmore girl everything,joy
The Girl Who Circumnavigated Fairyland in a Ship of Her Own Making,"Catherynne M. Valente, Ana Juan",girl circumnavigate fairyland ship making,joy
Beautiful Day,Elin Hilderbrand,beautiful day,joy
Chicken Soup with Rice: A Book of Months,Maurice Sendak,chicken soup rice book month,joy
"Still Life with Crows (Pendergast, #4)","Douglas Preston, Lincoln Child",still life crow pendergast,joy
Why Be Happy When You Could Be Normal?,Jeanette Winterson,happy could normal,joy
Can't We Talk about Something More Pleasant?,Roz Chast,cant talk something pleasant,joy
E.E. Cummings: Complete Poems 1904-1962,E.E. Cummings,ee cummings complete poem,joy
How to Build a Girl,Caitlin Moran,build girl,joy
Live To Tell,Lisa Gardner,live tell,joy
Born in Ice,Nora Roberts,bear ice,joy
The Silent Girl,Tess Gerritsen,silent girl,joy
Beyond Belief: My Secret Life Inside Scientology and My Harrowing Escape,"Jenna Miscavige Hill, Lisa Pulitzer",beyond belief secret life inside scientology harrowing escape,joy
Preacher: Proud Americans,"Garth Ennis, Steve Dillon, Penn Jillette",preacher proud american,joy
Metro Girl,Janet Evanovich,metro girl,joy
Just Like Heaven,Julia Quinn,like heaven,love
The Best Laid Plans,Sidney Sheldon,best laid plan,joy
White Hot Kiss,Jennifer L. Armentrout,white hot kiss,love
11 Birthdays,Wendy Mass,birthday,joy
Can Love Happen Twice?,Ravinder Singh,love happen twice,joy
This Boy's Life: A Memoir,Tobias Wolff,boys life memoir,joy
 Feeling Good: The New Mood Therapy,David D. Burns,feel good new mood therapy,joy
Codependent No More: How to Stop Controlling Others and Start Caring for Yourself,Melody Beattie,codependent stop control others start care,love
Delicious!,Ruth Reichl,delicious,joy
Two Little Girls in Blue,Mary Higgins Clark,two little girl blue,joy
The English Girl,Daniel Silva,english girl,joy
Stories of Your Life and Others ,Ted Chiang,story life others,joy
The Girl Who Fell From the Sky,Heidi W. Durrow,girl fell sky,joy
Sweet Dreams,Kristen Ashley,sweet dream,love
The Sex Lives of Cannibals: Adrift in the Equatorial Pacific,J. Maarten Troost,sex life cannibal adrift equatorial pacific,joy
My True Love Gave to Me: Twelve Holiday Stories,"Stephanie Perkins, Holly Black, Ally Carter, Matt de la Pena, Gayle Forman, Jenny Han, David Levithan, Kelly Link, Myra McEntire, Rainbow Rowell, Laini Taylor, Kiersten White",true love give twelve holiday story,joy
"An Illustrated Life: Drawing Inspiration From The Private Sketchbooks Of Artists, Illustrators And Designers",Danny Gregory,illustrated life draw inspiration private sketchbook artist illustrator designer,joy
Plan B: Further Thoughts on Faith,Anne Lamott,plan b thought faith,joy
"Bless Me, Ultima",Rudolfo Anaya,bless ultima,love
Incognito: The Secret Lives of the Brain,David Eagleman,incognito secret life brain,joy
The Full Cupboard of Life,Alexander McCall Smith,full cupboard life,joy
"Finding me : A Decade of Darkness, a Life Reclaimed","Michelle Knight, Michelle Burford",find decade darkness life reclaim,joy
Born in Shame,Nora Roberts,bear shame,joy
Girl in a Band,Kim Gordon,girl band,joy
A Simple Plan,Scott B. Smith,simple plan,joy
"No god but God: The Origins, Evolution, and Future of Islam",Reza Aslan,god god origin evolution future islam,joy
Vanishing Girls,Lauren Oliver,vanish girl,joy
"The Boyfriend List: 15 Guys, 11 Shrink Appointments, 4 Ceramic Frogs and Me, Ruby Oliver (Ruby Oliver, #1)",E. Lockhart,boyfriend list guy shrink appointment ceramic frog ruby oliver ruby oliver,joy
Percy Jackson's Greek Gods,"Rick Riordan, John Rocco",percy jackson greek god,joy
The Happiest Baby on the Block,Harvey Karp,happy baby block,joy
How the Garcia Girls Lost Their Accents ,Julia Alvarez,garcia girl lose accent,joy
The Good Lord Bird,James McBride,good lord bird,joy
One Good Turn,Kate Atkinson,one good turn,joy
"Sherlock Holmes: The Complete Novels and Stories, Volume I",Arthur Conan Doyle,sherlock holmes complete novel story volume,joy
Strong Poison,Dorothy L. Sayers,strong poison,joy
Y: The Last Man Vol. 6: Girl on Girl,"Brian K. Vaughan, Pia Guerra, Goran Sudžuka, José Marzán Jr.",last man vol girl girl,joy
If You Give a Pig a Party (If You Give...),"Laura Joffe Numeroff, Felicia Bond",give pig party give,joy
The Girls,Lori Lansens,girl,joy
Living Dead Girl,Elizabeth Scott,live dead girl,joy
Rising Strong,Brené Brown,rise strong,joy
The Bear and the Dragon,Tom Clancy,bear dragon,joy
I'm Just Here for the Food: Food + Heat = Cooking,Alton Brown,im food food heat cooking,joy
Hunger Makes Me a Modern Girl,Carrie Brownstein,hunger make modern girl,joy
The Last Seven Months of Anne Frank,Willy Lindwer,last seven month anne frank,joy
Touching Spirit Bear,Ben Mikaelsen,touch spirit bear,joy
The Yonahlossee Riding Camp for Girls,Anton DiSclafani,yonahlossee rid camp girl,joy
Dance of the Gods,Nora Roberts,dance god,joy
Everyone Brave Is Forgiven,Chris Cleave,everyone brave forgive,joy
The Things We Do for Love,Kristin Hannah,thing love,love
Barefoot Contessa Family Style: Easy Ideas and Recipes That Make Everyone Feel Like Family,"Ina Garten, Maura McEvoy",barefoot contessa family style easy idea recipe make everyone feel like family,joy
Arsenic and Old Lace,Joseph Kesselring,arsenic old lace,joy
Che Guevara: A Revolutionary Life,Jon Lee Anderson,che guevara revolutionary life,joy
High Noon,Nora Roberts,high noon,joy
The Proper Care and Feeding of Husbands,Laura C. Schlessinger,proper care feeding husband,love
Natural Born Charmer,Susan Elizabeth Phillips,natural bear charmer,joy
Maybe In Another Life,Taylor Jenkins Reid,maybe another life,joy
Blue Shoes and Happiness ,Alexander McCall Smith,blue shoe happiness,joy
Nature Girl,Carl Hiaasen,nature girl,joy
Food: A Love Story,Jim Gaffigan,food love story,joy
"The Green Mile, Part 1: The Two Dead Girls",Stephen King,green mile part two dead girl,joy
Better Than Before: Mastering the Habits of Our Everyday Lives,Gretchen Rubin,good master habit everyday life,joy
Bearing an Hourglass,Piers Anthony,bear hourglass,joy
My Sweet Audrina,V.C. Andrews,sweet audrina,love
John Keats : The Complete Poems,John Keats,john keats complete poem,joy
Genius: The Life and Science of Richard Feynman,James Gleick,genius life science richard feynman,joy
The Pigeon Finds a Hot Dog!,Mo Willems,pigeon find hot dog,love
Pat the Bunny (Touch and Feel Book),Dorothy Kunhardt,pat bunny touch feel book,joy
Hit List,Laurell K. Hamilton,hit list,joy
Money,Martin Amis,money,joy
Charmed Life ,Diana Wynne Jones,charm life,joy
"Eye of the World (The Wheel of Time, #1-1)",Robert Jordan,eye world wheel time,joy
"Conversations with God, an uncommon dialogue, book 3",Neale Donald Walsch,conversation god uncommon dialogue book,joy
The Crippled God,Steven Erikson,cripple god,joy
Born on a Blue Day: Inside the Extraordinary Mind of an Autistic Savant,Daniel Tammet,bear blue day inside extraordinary mind autistic savant,joy
Lust for Life: A Novel of Vincent Van Gogh,Irving Stone,lust life novel vincent van gogh,joy
The Happiness Hypothesis: Finding Modern Truth in Ancient Wisdom,Jonathan Haidt,happiness hypothesis find modern truth ancient wisdom,joy
You Know You Love Me,Cecily von Ziegesar,know love,love
For the Love: Fighting for Grace in a World of Impossible Standards,Jen Hatmaker,love fighting grace world impossible standard,joy
Sweet Filthy Boy ,Christina Lauren,sweet filthy boy,joy
The Rising : Antichrist is Born : Before They Were Left Behind,"Tim LaHaye, Jerry B. Jenkins",rise antichrist bear leave behind,joy
"Nancy Drew Complete Series Set, Books 1-64",Carolyn Keene,nancy draw complete series set book,joy
The Complete Poetry & Prose of William Blake,"William Blake, David V. Erdman, Harold Bloom",complete poetry prose william blake,joy
God Help the Child,Toni Morrison,god help child,joy
A Lot Like Love,Julie James,lot like love,love
Shall We Tell the President?,Jeffrey Archer,shall tell president,joy
Gods in Alabama,Joshilyn Jackson,god alabama,joy
sTORI Telling,Tori Spelling,stori tell,joy
Girl of Nightmares,Kendare Blake,girl nightmare,joy
"The Wheel of Time: Boxed Set #1 (Wheel of Time, #1-3)",Robert Jordan,wheel time box set wheel time,joy
Something Like Fate,Susane Colasanti,something like fate,love
Girl Waits with Gun,Amy  Stewart,girl wait gun,joy
In Real Life,"Cory Doctorow, Jen Wang",real life,joy
Vinegar Girl,Anne Tyler,vinegar girl,joy
Waiting to Be Heard: A Memoir,Amanda Knox,wait hear memoir,joy
"Parallel Worlds: A Journey Through Creation, Higher Dimensions, and the Future of the Cosmos",Michio Kaku,parallel worlds journey creation high dimension future cosmos,joy
The Sweet Gum Tree,Katherine Allred,sweet gum tree,love
Girl at War,Sara Nović,girl war,joy
The Fourth Bear,Jasper Fforde,fourth bear,joy
"Life is What You Make It: A Story of Love, Hope and How Determination Can Overcome Even Destiny",Preeti Shenoy,life make story love hope determination overcome even destiny,love
Van Gogh: The Life,"Steven Naifeh, Gregory White Smith",van gogh life,joy
The Idiot Girls' Action-Adventure Club: True Tales from a Magnificent and Clumsy Life,Laurie Notaro,idiot girl actionadventure club true tale magnificent clumsy life,joy
The Subtle Art of Not Giving a F*ck: A Counterintuitive Approach to Living a Good Life,Mark Manson,subtle art give fck counterintuitive approach live good life,joy
Geisha: A Life,"Mineko Iwasaki, Rande Brown",geisha life,joy
The Knowledge of the Holy: The Attributes of God: Their Meaning in the Christian Life,A.W. Tozer,knowledge holy attribute god meaning christian life,joy
The Happy Prince and The House of Pomegranates,Oscar Wilde,happy prince house pomegranate,joy
Running Out of Time,Margaret Peterson Haddix,run time,joy
Having a Mary Heart in a Martha World: Finding Intimacy With God in the Busyness of Life,Joanna Weaver,mary heart martha world find intimacy god busyness life,joy
Believing Christ: The Parable of the Bicycle and Other Good News,Stephen E. Robinson,believe christ parable bicycle good news,joy
Another Fine Myth,Robert Lynn Asprin,another fine myth,joy
"Soccernomics: Why England Loses, Why Germany and Brazil Win, and Why the U.S., Japan, Australia, Turkey--and Even Iraq--Are Destined to Become the Kings of the World's Most Popular Sport","Simon Kuper, Stefan Szymanski",soccernomics england lose germany brazil win u japan australia turkeyand even iraqare destine become king world popular sport,joy
This Is the Story of a Happy Marriage,Ann Patchett,story happy marriage,joy
How Will You Measure Your Life?,"Clayton M. Christensen, James Allworth, Karen Dillon",measure life,joy
Lab Girl,Hope Jahren,lab girl,joy
The Lives of Christopher Chant,Diana Wynne Jones,life christopher chant,joy
Talent Is Overrated: What Really Separates World-Class Performers from Everybody Else,Geoff Colvin,talent overrate really separate worldclass performer everybody else,love
The Complete Phantom of the Opera,"George C. Perry, Clive Barda, Jane Rice, Andrew Lloyd Webber",complete phantom opera,joy
"The Google Story: Inside the Hottest Business, Media, and Technology Success of Our Time",David A. Vise,google story inside hot business medium technology success time,love
Finally,Wendy Mass,finally,joy
The Secret Life of Violet Grant,Beatriz Williams,secret life violet grant,joy
My Life on the Road,Gloria Steinem,life road,joy
"Sweet Surrender (Sweet Series, #1)",Maya Banks,sweet surrender sweet series,love
All But My Life,Gerda Weissmann Klein,life,joy
"God Bless You, Dr. Kevorkian",Kurt Vonnegut Jr.,god bless dr kevorkian,joy
A Homemade Life: Stories and Recipes from My Kitchen Table,Molly Wizenberg,homemade life story recipe kitchen table,joy
Jeremy Fink and the Meaning of Life,Wendy Mass,jeremy fink meaning life,joy
Too Much Happiness,Alice Munro,much happiness,joy
Black List,Brad Thor,black list,joy
"Transmetropolitan, Vol. 2: Lust for Life","Warren Ellis, Darick Robertson",transmetropolitan vol lust life,joy
The Naked God ,Peter F. Hamilton,naked god,joy
The List,Siobhan Vivian,list,joy
The Happiness Advantage: The Seven Principles of Positive Psychology That Fuel Success and Performance at Work,Shawn Achor,happiness advantage seven principle positive psychology fuel success performance work,joy
"The Life and Opinions of Tristram Shandy, Gentleman","Laurence Sterne, Melvyn New",life opinion tristram shandy gentleman,joy
The Last Time They Met,Anita Shreve,last time meet,joy
The Girl Before,J.P. Delaney,girl,joy
"Among the Brave (Shadow Children, #5)",Margaret Peterson Haddix,among brave shadow child,joy
Our Band Could Be Your Life: Scenes from the American Indie Underground 1981-1991,Michael Azerrad,band could life scene american indie underground,joy
Daddy's Little Girl,Mary Higgins Clark,daddys little girl,joy
Your Best Life Now: 7 Steps to Living at Your Full Potential,Joel Osteen,best life step live full potential,joy
The Sweet Potato Queens' Book of Love,Jill Conner Browne,sweet potato queen book love,love
All Tomorrow's Parties,William Gibson,tomorrows party,joy
Drinking: A Love Story,Caroline Knapp,drink love story,joy
"Best Friends for Never (The Clique, #2)",Lisi Harrison,best friend never clique,joy
of course i love you,"Durjoy Datta, Maanvi Ahuja",course love,love
The List,Steve Martini,list,joy
"These High, Green Hills",Jan Karon,high green hill,joy
A Sick Day for Amos McGee,"Philip C. Stead, Erin E. Stead",sick day amos mcgee,joy
Party Princess,Meg Cabot,party princess,joy
"Lunch in Paris: A Love Story, with Recipes",Elizabeth Bard,lunch paris love story recipe,joy
I'm with the Band: Confessions of a Groupie,"Pamela Des Barres, Dave Navarro",im band confession groupie,love
The Many Lives & Secret Sorrows of Josephine B.,Sandra Gulland,many life secret sorrow josephine b,joy
The Love Song of J. Alfred Prufrock and Other Poems,T.S. Eliot,love song j alfred prufrock poem,love
A Girl of the Limberlost,Gene Stratton-Porter,girl limberlost,joy
The Holiness of God,R.C. Sproul,holiness god,joy
Second Life,S.J. Watson,second life,joy
Flyy Girl,Omar Tyree,flyy girl,joy
Mr. Kiss and Tell ,"Rob Thomas, Jennifer Graham",mr kiss tell,joy
A Higher Call: An Incredible True Story of Combat and Chivalry in the War-Torn Skies of World War II,"Adam Makos, Larry Alexander",high call incredible true story combat chivalry wartorn sky world war ii,joy
"Krakatoa: The Day the World Exploded: August 27, 1883 ",Simon Winchester,krakatoa day world explode august,joy
Dexter Is Delicious,Jeff Lindsay,dexter delicious,joy
Time for Bed,"Mem Fox, Jane Dyer",time bed,joy
Very Good Lives: The Fringe Benefits of Failure and the Importance of Imagination,"J.K. Rowling, Joel Holland",good live fringe benefit failure importance imagination,joy
"Hot, Flat, and Crowded: Why We Need a Green Revolution--and How It Can Renew America",Thomas L. Friedman,hot flat crowded need green revolutionand renew america,love
Best Friends with a Self-Confessed Player,Kirsty Moseley,best friend selfconfessed player,joy
Where Is God When It Hurts?,Philip Yancey,god hurt,joy
The Mapping of Love and Death,Jacqueline Winspear,mapping love death,joy
Born to Run,Bruce Springsteen,bear run,joy
Hallowe'en Party,Agatha Christie,halloween party,joy
The Five Love Languages of Children,"Gary Chapman, D. Ross Campbell",five love language child,joy
I Heard That Song Before,Mary Higgins Clark,hear song,joy
The Paper Girls - Vol 1,"Brian K. Vaughan, Cliff Chiang, Matthew Wilson",paper girl vol,joy
The Lord God Made Them All,James Herriot,lord god make,joy
Possessing the Secret of Joy,Alice Walker,possess secret joy,joy
Such a Pretty Girl,Laura Wiess,pretty girl,joy
How to Save a Life,Sara Zarr,save life,joy
Children of God,Mary Doria Russell,child god,joy
The Danish Girl,David Ebershoff,danish girl,joy
Brave New World Revisited ,Aldous Huxley,brave new world revisit,joy
How to Be Popular,Meg Cabot,popular,joy
The Complete Poems: Anne Sexton,"Anne Sexton, Maxine Kumin",complete poem anne sexton,joy
The Love Song of Miss Queenie Hennessy,Rachel Joyce,love song miss queenie hennessy,love
Malcolm X: A Life of Reinvention,Manning Marable,malcolm x life reinvention,joy
Mutant Message Down Under,Marlo Morgan,mutant message,joy
The Complete Guide to Middle-Earth,"Robert Foster, J.R.R. Tolkien",complete guide middleearth,joy
A Girl Like You,Gemma Burgess,girl like,joy
Long Time Coming,Edie Claire,long time come,joy
Story of a Girl,Sara Zarr,story girl,joy
High Heat,Lee Child,high heat,joy
The Left Hand of God ,Paul  Hoffman,left hand god,joy
A Dog's Life: Autobiography of a Stray,Ann M. Martin,dogs life autobiography stray,joy
That Old Cape Magic,"Richard Russo, Arthur Morey",old cape magic,joy
The Life and Adventures of Martin Chuzzlewit,"Charles Dickens, Patricia Ingham, Hablot Knight Browne",life adventure martin chuzzlewit,joy
Enemy of God,Bernard Cornwell,enemy god,joy
Our Dumb Century: The Onion Presents 100 Years of Headlines from America's Finest News Source,"Scott Dikkers, Maria Schneider, John Krewson, Robert Siegel, David Javerbaum, Todd Hanson, Carol Kolb, Mike Loew, Tim Harrod",dumb century onion present year headline americas fine news source,joy
The Gods of Mars,Edgar Rice Burroughs,god mar,joy
Glorious Appearing: The End of Days,"Tim LaHaye, Jerry B. Jenkins",glorious appear end day,joy
The Life List,Lori Nelson Spielman,life list,joy
Oogy: The Dog Only a Family Could Love,Larry Levin,oogy dog family could love,joy
Almost French: Love and a New Life in Paris,Sarah Turnbull,almost french love new life paris,love
Gentle Rogue,Johanna Lindsey,gentle rogue,love
"Girl, Stolen",April Henry,girl stolen,joy
The girl who was on fire,"Leah Wilson, Jennifer Lynn Barnes, Mary Borsellino, Sarah Rees Brennan, Terri  Clark, Bree Despain, Adrienne Kress, Sarah Darer Littman, Cara Lockwood, Elizabeth M. Rees, Carrie Ryan, Ned Vizzini, Lili Wilkinson, Blythe Woolston",girl fire,joy
Gonzo: The Life of Hunter S. Thompson,"Jann S. Wenner, Corey Seymour",gonzo life hunter thompson,joy
"ttyl (Internet Girls, #1)",Lauren Myracle,ttyl internet girl,joy
The Look of Love,Bella Andre,look love,joy
Spying in High Heels,Gemma Halliday,spy high heel,joy
Lush Life,Richard Price,lush life,joy
One Good Dog,Susan  Wilson,one good dog,joy
The Complete Adventures of Peter Rabbit,Beatrix Potter,complete adventure peter rabbit,joy
The Case for a Creator: A Journalist Investigates Scientific Evidence That Points Toward God,Lee Strobel,case creator journalist investigate scientific evidence point toward god,joy
The Eye of God: A Sigma Force Novel,James Rollins,eye god sigma force novel,joy
Good Wives,Louisa May Alcott,good wife,joy
Girls in Love,Jacqueline Wilson,girl love,love
The Creative Habit: Learn It and Use It for Life,Twyla Tharp,creative habit learn use life,joy
Getting Stoned with Savages: A Trip Through the Islands of Fiji and Vanuatu,J. Maarten Troost,get stone savage trip island fiji vanuatu,joy
Life after God,Douglas Coupland,life god,joy
Hot Water Music,Charles Bukowski,hot water music,love
True Love Story,Willow Aster,true love story,joy
The High Window,Raymond Chandler,high window,joy
Women Who Love Too Much,Robin Norwood,woman love much,love
An Old-Fashioned Girl,Louisa May Alcott,oldfashioned girl,joy
After I'm Gone,Laura Lippman,im go,love
Shadows of the Workhouse: The Drama of Life in Postwar London,Jennifer Worth,shadow workhouse drama life postwar london,joy
The Automatic Millionaire: A Powerful One-Step Plan to Live and Finish Rich,David Bach,automatic millionaire powerful onestep plan live finish rich,joy
Something Like Normal,Trish Doller,something like normal,joy
The Sweet Life in Paris: A Recipe for Living in the World's Most Delicious City,David Lebovitz,sweet life paris recipe living world delicious city,joy
Ain't She Sweet?,Susan Elizabeth Phillips,aint sweet,love
Das Kunstwerk im Zeitalter seiner technischen Reproduzierbarkeit,"Walter Benjamin, Michael W. Jennings, Brigid Doherty, Edmund F.N. Jephcott, Rodney Livingstone, Howard Eiland, Thomas Y. Levin",da kunstwerk im zeitalter seiner technischen reproduzierbarkeit,love
Going Rogue: An American Life,"Sarah Palin, Lynn Vincent, Dewey Whetsell",go rogue american life,joy
Love You to Death: The Unofficial Companion to The Vampire Diaries,Crissy Calhoun,love death unofficial companion vampire diary,joy
Candy Girl,Diablo Cody,candy girl,joy
Hot Ticket,Olivia Cunning,hot ticket,love
"The Work and the Glory, Vol. 2: Like a Fire Burning",Gerald N. Lund,work glory vol like fire burning,joy
Sweet Addiction,J.  Daniels,sweet addiction,love
The Complete Tales and Poems of Edgar Allan Poe,Edgar Allan Poe,complete tale poem edgar allan poe,joy
How to Fall in Love,Cecelia Ahern,fall love,love
Three Complete Novels: Carrie/Salem's Lot/The Shining,Stephen King,three complete novel carriesalems lotthe shining,joy
The Christmas List,Richard Paul Evans,christmas list,joy
How to Make Love Like a Porn Star: A Cautionary Tale,"Jenna Jameson, Neil Strauss",make love like porn star cautionary tale,love
Sex God: Exploring the Endless Connections Between Sexuality And Spirituality,Rob Bell,sex god explore endless connection sexuality spirituality,joy
The Girl from Krakow,Alex Rosenberg,girl krakow,joy
"An Acceptable Time (Time Quintet, #5)",Madeleine L'Engle,acceptable time time quintet,joy
Roller Girl,Victoria Jamieson,roller girl,joy
The Best Nest,P.D. Eastman,best nest,joy
If Life Is a Bowl of Cherries—What Am I Doing in the Pits?,Erma Bombeck,life bowl cherrieswhat pit,joy
The Forge of God,Greg Bear,forge god,joy
"Sweet Persuasion (Sweet Series, #2)",Maya Banks,sweet persuasion sweet series,love
Me: Stories of My Life,Katharine Hepburn,story life,joy
After Ever Happy,Anna Todd,ever happy,joy
"Artemis Fowl Boxed Set (Artemis Fowl, #1-5)",Eoin Colfer,artemis fowl box set artemis fowl,joy
April 1865: The Month That Saved America (P.S.),Jay Winik,april month save america p,joy
"The It Girl (It Girl, Book 1)",Cecily von Ziegesar,girl girl book,joy
"The Wheel of Time: Boxed Set  (Wheel of Time, #1-8)",Robert Jordan,wheel time box set wheel time,joy
Promise Not to Tell,Jennifer McMahon,promise tell,joy
The Girl in the Steel Corset,Kady Cross,girl steel corset,joy
"Meet Samantha: An American Girl (American Girls: Samantha, #1)","Susan S. Adler, Renée Graef, Nancy Niles",meet samantha american girl american girl samantha,joy
The Wicked Girls,Alex Marwood,wicked girl,joy
Fine Things,Danielle Steel,fine thing,joy
The Single Girl's To-Do List,Lindsey Kelk,single girl todo list,joy
The Old Curiosity Shop,"Charles Dickens, Norman Page",old curiosity shop,joy
"The Complete Wreck (A Series of Unfortunate Events, Books 1-13)","Lemony Snicket, Brett Helquist",complete wreck series unfortunate event book,joy
Too Good To Be True,Kristan Higgins,good true,joy
Tao of Pooh and Te of Piglet Boxed Set,Benjamin Hoff,tao pooh te piglet boxed set,joy
5 Very Good Reasons to Punch a Dolphin in the Mouth (and Other Useful Guides),Matthew Inman,good reason punch dolphin mouth useful guide,joy
The Gods of War,Conn Iggulden,god war,joy
The Faithful Spy,Alex Berenson,faithful spy,love
"High Druid of Shannara, vol. 1: Jarka Ruus",Terry Brooks,high druid shannara vol jarka ruus,joy
"Healthy Sleep Habits, Happy Child",Marc Weissbluth,healthy sleep habit happy child,joy
The Girl in the Red Coat,Kate Hamer,girl red coat,joy
H.I.V.E.: Higher Institute of Villainous Education,Mark Walden,hive high institute villainous education,joy
The Places That Scare You: A Guide to Fearlessness in Difficult Times,Pema Chödrön,place scare guide fearlessness difficult time,joy
The First 90 Days: Critical Success Strategies for New Leaders at All Levels,Michael D. Watkins,first day critical success strategy new leader level,joy
Hammer of the Gods,Stephen Davis,hammer god,joy
How Should We Then Live? The Rise and Decline of Western Thought and Culture,Francis A. Schaeffer,live rise decline western thought culture,joy
The Complete Robot,Isaac Asimov,complete robot,joy
The summer I turned pretty,Jenny Han,summer turn pretty,joy
"Sweet Tooth, Volume 1: Out of the Deep Woods","Jeff Lemire, José Villarrubia, Carlos M. Mangual",sweet tooth volume deep wood,love
The Good Father,Diane Chamberlain,good father,joy
A Kiss for Little Bear,"Else Holmelund Minarik, Maurice Sendak",kiss little bear,joy
The Berenstain Bears and Too Much TV,"Stan Berenstain, Jan Berenstain",berenstain bear much tv,joy
Life Before Legend,Marie Lu,life legend,joy
Beacon 23: The Complete Novel,Hugh Howey,beacon complete novel,joy
The Bridge Across Forever: A True Love Story,Richard Bach,bridge across forever true love story,joy
"Sherlock Holmes of Baker Street, the life of the world’s first consulting detective.",William S. Baring-Gould,sherlock holmes baker street life world first consult detective,joy
The Mambo Kings Play Songs of Love,Oscar Hijuelos,mambo king play song love,joy
