url,title,clean_text,emotion
https://medium.com/swlh/dont-become-a-full-time-content-creator-if-you-have-low-risk-tolerance-13fa2f77791a,Don’t Become a Full-Time Content Creator If You Have Low-Risk Tolerance,dont become fulltime content creator lowrisk tolerance,joy
https://writingcooperative.com/how-my-mba-made-me-a-better-fiction-writer-d222bc61a5b0,"<strong class=""markup--strong markup--h3-strong"">How My MBA Made Me a Better Fiction Writer</strong>",strong classmarkupstrong markuphstronghow mba make good fiction writerstrong,joy
https://writingcooperative.com/how-to-start-your-novel-with-momentum-to-finish-it-8d001f4908c5,How to Start Your Novel with Momentum to Finish It,start novel momentum finish,joy
https://towardsdatascience.com/using-propensity-score-matching-to-build-leading-indicators-3e656dccbaf9,"<strong class=""markup--strong markup--h3-strong"">Using Propensity-Score Matching to Build Leading Indicators</strong>",strong classmarkupstrong markuphstrongusing propensityscore match build lead indicatorsstrong,joy
https://medium.com/swlh/how-ive-showed-up-to-write-on-the-internet-for-1000-days-b8d29c6a2817,How I’ve Showed Up To Write on the Internet for 1000 Days,ive show write internet day,joy
https://medium.com/swlh/the-secret-to-unlocking-your-brains-capacity-c4322d9c92e1,"<strong class=""markup--strong markup--h3-strong""><em class=""markup--em markup--h3-em"">The Secret to Unlocking Your Brain’s Capacity: A Simple Hack for Balancing Quick Critical Thinking and Solving</em></strong>",strong classmarkupstrong markuphstrongem classmarkupem markuphemthe secret unlock brain capacity simple hack balance quick critical thinking solvingemstrong,joy
https://writingcooperative.com/ten-months-to-publication-so-who-is-kaye-macey-bcb577175d75,Ten Months To Publication: So Who Is Kaye Macey?,ten month publication kaye macey,joy
https://towardsdatascience.com/overcoming-automatic-speech-recognition-challenges-the-next-frontier-e26c31d643cc,"<strong class=""markup--strong markup--h3-strong"">Overcoming Automatic Speech Recognition Challenges: The Next Frontier</strong>",strong classmarkupstrong markuphstrongovercoming automatic speech recognition challenge next frontierstrong,joy
https://towardsdatascience.com/why-is-it-so-difficult-to-successfully-get-ai-technologies-adopted-into-clinical-care-4fa549d2c36,Why is it so difficult to successfully get AI technologies adopted into clinical care?,difficult successfully get ai technology adopt clinical care,love
https://medium.com/swlh/from-zero-to-100-a-day-the-ultimate-guide-to-launching-a-content-based-business-5418c03a88a6,From Zero to $100 a Day: The Ultimate Guide to Launching a Content-Based Business,zero day ultimate guide launch contentbased business,joy
https://medium.com/swlh/how-a-bag-of-broccoli-taught-me-an-unforgettable-lesson-about-startups-7663d43a56ad,"<strong class=""markup--strong markup--h3-strong"">How a Bag of Broccoli Taught Me an Unforgettable Lesson About Startups</strong>",strong classmarkupstrong markuphstronghow bag broccoli taught unforgettable lesson startupsstrong,joy
https://writingcooperative.com/how-to-write-better-character-description-498d81084c8a,How to Write Better Character Description,write good character description,joy
https://medium.com/swlh/it-took-3-years-for-anyone-to-notice-my-writing-and-im-so-glad-it-did-e03b218a39e1,It Took 3 Years For Anyone to Notice My Writing. And I’m So Glad It Did.,take year anyone notice writing im glad,joy
https://medium.com/swlh/6-micro-tricks-that-can-train-your-mind-to-create-more-content-a51ecae7bd4b,6 (Micro) Tricks That Can Train Your Mind To Create More Content,micro trick train mind create content,joy
https://towardsdatascience.com/google-application-credentials-python-ace518208a7,How to Set GOOGLE_APPLICATION_CREDENTIALS in Python,set googleapplicationcredentials python,joy
https://towardsdatascience.com/where-is-the-bus-gtfs-will-tell-us-f8adc18a2f8e,Where Is the Bus? GTFS Will Tell Us!,bus gtfs tell u,joy
https://towardsdatascience.com/applied-reinforcement-learning-v-normalized-advantage-function-naf-for-continuous-control-62ad143d3095,Applied Reinforcement Learning V: Normalized Advantage Function (NAF) for Continuous Control,apply reinforcement learn v normalize advantage function naf continuous control,joy
https://uxdesign.cc/so-are-fonts-cut-from-paper-now-6a936ccd0cc7,"<strong class=""markup--strong markup--h3-strong"">So, are fonts cut from paper now?</strong>",strong classmarkupstrong markuphstrongso font cut paper nowstrong,joy
https://medium.com/swlh/7-ways-to-efficiently-scale-up-your-content-generation-without-burning-out-6469654d3370,7 Ways To Efficiently Scale Up Your Content Generation Without Burning Out,way efficiently scale content generation without burn,joy
https://writingcooperative.com/11-tips-for-writing-fantastic-product-descriptions-b19c71f96015,11 Tips for Writing Fantastic Product Descriptions,tip write fantastic product description,joy
https://towardsdatascience.com/a-day-in-the-life-of-a-chief-data-scientist-1cbda76c631d,A Day in the Life of a Chief Data Scientist,day life chief data scientist,joy
https://towardsdatascience.com/writing-a-book-on-nlp-is-a-bit-like-solving-a-complex-data-science-project-c0848f975ca,Writing a book on NLP is a bit like solving a complex data science project,write book nlp bit like solve complex data science project,joy
https://uxdesign.cc/the-rise-of-digital-accessibility-building-the-business-case-b990a4fda213,"<strong class=""markup--strong markup--h3-strong"">The rise of digital accessibility: building the business case</strong>",strong classmarkupstrong markuphstrongthe rise digital accessibility build business casestrong,joy
https://medium.com/swlh/5-writing-tips-to-develop-a-friendly-online-personality-really-connect-with-the-audience-d7c2d87a5b33,5 Writing Tips To Develop a Friendly Online Personality & [Really] Connect With The Audience,write tip develop friendly online personality really connect audience,joy
https://towardsdatascience.com/what-stops-you-from-getting-your-first-data-science-job-ccf93e4187d4,"<strong class=""markup--strong markup--h3-strong"">What Stops You From Getting Your First Data Science Job?</strong>",strong classmarkupstrong markuphstrongwhat stop get first data science jobstrong,joy
https://medium.com/swlh/how-i-convinced-myself-to-stop-worrying-about-chatgpt-and-embrace-our-new-a-i-overlords-302c454d2bff,"<strong class=""markup--strong markup--h3-strong"">How I Convinced Myself to Stop Worrying About ChatGPT and Embrace Our New A.I. Overlords</strong>",strong classmarkupstrong markuphstronghow convince stop worry chatgpt embrace new ai overlordsstrong,joy
https://medium.com/swlh/how-content-creators-can-also-start-online-course-empires-236bc8c3434f,How Content Creators Can Also Start Online Course Empires,content creator also start online course empire,joy
https://medium.com/swlh/how-to-set-rates-as-a-freelancer-and-ensure-youre-getting-paid-what-you-re-worth-ff0e5e0f5063,How to Set Rates as a Freelancer and Ensure You’re Getting Paid What You’re Worth,set rate freelancer ensure youre get pay youre worth,joy
https://writingcooperative.com/thriller-suspense-vs-horror-suspense-e97c89270c64,"<strong class=""markup--strong markup--h3-strong"">Thriller Suspense vs Horror Suspense</strong>",strong classmarkupstrong markuphstrongthriller suspense v horror suspensestrong,joy
https://writingcooperative.com/what-my-latest-trip-taught-me-about-being-a-writer-4a10a33e7214,What My Latest Trip Taught Me About Being a Writer,late trip teach writer,joy
https://medium.com/swlh/7-ambitious-goals-every-startup-must-set-for-massive-success-c758d5f5b3d4,7 Ambitious Goals Every Startup Must Set for Massive Success,ambitious goal every startup must set massive success,joy
https://towardsdatascience.com/reinforcement-learning-basics-1-understanding-stochastic-theory-underlying-an-mdp-e770be0665cf,"<strong class=""markup--strong markup--h3-strong"">Reinforcement Learning Basics: Understanding Stochastic Theory Underlying a Markov Decision Process</strong>",strong classmarkupstrong markuphstrongreinforcement learn basic understanding stochastic theory underlie markov decision processstrong,joy
https://uxdesign.cc/thinking-like-a-platform-3cf956e7c685,Thinking like a platform,think like platform,love
https://medium.com/swlh/create-1-year-of-content-ideas-with-chatgpt-84a56c4480ed,Create 1 Year of Content Ideas With ChatGPT,create year content idea chatgpt,joy
https://medium.com/swlh/5-smart-ways-to-consume-content-as-an-entrepreneur-28545da3dee2,5 Smart Ways to Consume Content as an Entrepreneur,smart way consume content entrepreneur,joy
https://writingcooperative.com/why-getting-scammed-again-didnt-ruin-my-day-9fc105c0e64d,Why Getting Scammed Again Didn’t Ruin My Day,get scammed didnt ruin day,joy
https://writingcooperative.com/3-simple-ways-to-improve-your-supporting-characters-2a4d80c2c4c4,3 Simple Ways to Improve Your Supporting Characters,simple way improve support character,love
https://medium.com/swlh/3-ways-you-can-improve-as-an-online-writer-without-buying-expensive-online-courses-9e79dc97170c,"<strong class=""markup--strong markup--h3-strong"">3 Ways You Can Improve as An Online Writer Without Buying Expensive Online Courses</strong>",strong classmarkupstrong markuphstrong way improve online writer without buy expensive online coursesstrong,joy
https://writingcooperative.com/how-writers-can-use-epistemic-humility-to-write-better-content-5d01e0215ea2,How Writers Can Use Epistemic Humility To Write Better Content,writer use epistemic humility write well content,joy
https://writingcooperative.com/how-writing-is-like-working-in-the-hotel-industry-e1b770ca58b5-advice-hospitality-writing-e1b770ca58b5,How Writing Is Like Working In The Hotel Industry,writing like work hotel industry,joy
https://medium.com/swlh/ive-been-growing-my-site-for-18-months-here-s-what-i-achieved-151e8520ce45,I've Been Growing My Site For 18 Months — Here's What I Achieved,ive grow site month heres achieve,joy
https://medium.com/swlh/from-ordinary-to-extraordinary-4-ways-to-harness-the-power-of-unique-insights-in-your-content-9f518493653c,From Ordinary to Extraordinary: 4 Ways to Harness the Power of Unique Insights in Your Content,ordinary extraordinary way harness power unique insight content,joy
https://medium.com/swlh/3-things-i-wished-i-learned-about-making-money-writing-online-before-going-all-in-6e948ca240ff,"<strong class=""markup--strong markup--h3-strong"">3 Things I Wished I Learned About Making Money Writing Online Before Going All In</strong>",strong classmarkupstrong markuphstrong thing wish learn make money write online go instrong,joy
https://writingcooperative.com/yes-you-can-become-a-better-writer-624ef035a946,"Yes, You CAN Become a Better Writer",yes become good writer,joy
https://towardsdatascience.com/berxit-early-exiting-for-bert-6f76b2f561c5,"<strong class=""markup--strong markup--h3-strong"">BERxiT: Early Exiting for BERT</strong>",strong classmarkupstrong markuphstrongberxit early exiting bertstrong,joy
https://medium.com/swlh/how-to-create-an-online-business-that-makes-you-happy-even-when-your-job-is-ok-b90840412997,How to create an online business that makes you happy (even when your job is ok),create online business make happy even job ok,joy
https://towardsdatascience.com/mixture-models-latent-variables-and-the-expectation-maximization-algorithm-e5b18e15faa,"<strong class=""markup--strong markup--h3-strong"">Mixture Models, Latent Variables and the Expectation Maximization Algorithm</strong>",strong classmarkupstrong markuphstrongmixture model latent variable expectation maximization algorithmstrong,joy
https://uxdesign.cc/guide-on-creating-ui-design-for-ios-apps-5bed644b1667,"<strong class=""markup--strong markup--h3-strong"">A comprehensive guide on creating UI designs for iOS apps</strong>",strong classmarkupstrong markuphstronga comprehensive guide create ui design io appsstrong,joy
https://writingcooperative.com/q-a-dailyn-rodriguez-on-the-challenges-she-had-to-overcome-to-become-a-successful-tv-showrunner-e6fe7544907,Q&A: Dailyn Rodriguez on the Challenges She Had to Overcome to Become a Successful TV Showrunner,qa dailyn rodriguez challenge overcome become successful tv showrunner,joy
https://writingcooperative.com/salman-rushdies-sh-t-detector-tip-is-the-best-writing-advice-ever-486c77688d45,Salman Rushdie’s Sh*t Detector Tip Is The Best Writing Advice Ever,salman rushdie sht detector tip best writing advice ever,joy
https://towardsdatascience.com/model-evaluation-in-time-series-forecasting-ae41993e267c,"<strong class=""markup--strong markup--h3-strong"">Model Evaluation in Time Series Forecasting</strong>",strong classmarkupstrong markuphstrongmodel evaluation time series forecastingstrong,joy
https://uxdesign.cc/experience-cant-be-designed-free-yourself-from-ux-2c0ccc784c48,"<strong class=""markup--strong markup--h3-strong"">Experience can’t be designed: free yourself from UX</strong>",strong classmarkupstrong markuphstrongexperience cant design free uxstrong,joy
https://medium.com/swlh/heres-how-i-plan-to-earn-10-000-per-month-as-a-freelancer-61d544385f3b,"Here’s How I Plan To Earn $10,000 Per Month As A Freelancer",heres plan earn per month freelancer,joy
https://towardsdatascience.com/data-scientists-problem-solvers-first-algorithm-wizards-second-93daa031d131,"<strong class=""markup--strong markup--h3-strong"">Data Scientists: Problem Solvers First, Algorithm Wizards Second</strong>",strong classmarkupstrong markuphstrongdata scientist problem solver first algorithm wizard secondstrong,joy
https://towardsdatascience.com/setting-up-a-flask-application-for-data-science-7522fc9f771e,Setting up a flask application for Data Science,set flask application data science,joy
https://towardsdatascience.com/software-specification-in-agile-projects-8248f5be6c1,"<strong class=""markup--strong markup--h3-strong"">Software Specification in Agile Projects</strong>",strong classmarkupstrong markuphstrongsoftware specification agile projectsstrong,joy
https://uxdesign.cc/the-tao-of-ux-c44f7cd893cf,"<strong class=""markup--strong markup--h3-strong"">The TAO of UX</strong>",strong classmarkupstrong markuphstrongthe tao uxstrong,joy
https://uxdesign.cc/scrolling-for-dopamine-the-impact-of-social-media-on-our-brains-ux-ui-addiction-design-psychology-phone-app-e6a1786d9d3b,Scrolling for dopamine: the impact of social media on our lives,scroll dopamine impact social medium life,joy
https://medium.com/swlh/7-passive-income-ideas-how-i-earn-350-a-day-81661ce28f68,7 Passive Income Ideas — How I Earn $350 A Day,passive income idea earn day,joy
https://towardsdatascience.com/parquet-best-practices-discover-your-data-without-loading-them-f854c57a45b6,Parquet Best Practices: Discover your Data without loading it,parquet best practice discover data without load,joy
https://towardsdatascience.com/how-to-analyse-your-time-series-model-using-residuals-f980f597332e,How To Analyse Your Time Series Model Using Residuals,analyse time series model use residual,joy
https://medium.com/swlh/heres-how-to-join-the-creator-economy-in-2023-and-change-your-life-e473b6b93ff8,Here’s How to Join the Creator Economy in 2023 and Change Your Life,heres join creator economy change life,joy
https://medium.com/swlh/3-timeless-workplace-principles-i-wished-a-mentor-imparted-me-at-25-6110621ec164,"<strong class=""markup--strong markup--h3-strong"">3 Timeless Workplace Principles I Wished A Mentor Imparted Me at 25</strong>",strong classmarkupstrong markuphstrong timeless workplace principle wish mentor impart strong,joy
https://writingcooperative.com/good-news-ai-says-that-ai-cant-replace-writers-but-it-wrote-it-rather-ominously-7e058f2d03ba,Good News! AI Says That AI Can’t Replace Writers — BUT it Wrote it Rather Ominously,good news ai say ai cant replace writer write rather ominously,joy
https://uxdesign.cc/how-wednesday-addams-teach-us-about-design-consumerism-f60bde742ff6,"<strong class=""markup--strong markup--h3-strong"">How Wednesday Addams teaches us about design consumerism</strong>",strong classmarkupstrong markuphstronghow wednesday addams teach u design consumerismstrong,joy
https://writingcooperative.com/how-taylor-swift-changed-my-writing-life-454f8ce0bc18,How Taylor Swift Changed My Writing Life,taylor swift change writing life,joy
https://towardsdatascience.com/12-ways-to-test-your-forecasts-like-a-pro-a783016c2515,12 Ways to Test Your Forecasts like A Pro,way test forecast like pro,joy
https://towardsdatascience.com/python-args-kwargs-and-all-other-ways-to-pass-arguments-to-your-function-bd2acdce72b5,"Python args, kwargs, and All Other Ways to Pass Arguments to Your Function",python args kwargs way pass argument function,joy
https://towardsdatascience.com/applied-reinforcement-learning-vi-deep-deterministic-policy-gradients-ddpg-for-continuous-dad372f6cb1d,Applied Reinforcement Learning VI: Deep Deterministic Policy Gradients (DDPG) for Continuous Control,apply reinforcement learn vi deep deterministic policy gradient ddpg continuous control,joy
https://medium.com/swlh/signs-youre-doing-good-with-money-even-if-it-doesn-t-feel-like-it-1e3f393c5336,Signs You’re Doing Good with Money (Even If It Doesn’t Feel like It),sign youre good money even doesnt feel like,joy
https://medium.com/swlh/i-tried-substack-for-a-month-you-wont-believe-what-happened-2c00fb71a36e,"I Tried Substack for a Month, You Won’t Believe What Happened",try substack month wont believe happen,joy
https://writingcooperative.com/depression-robbed-me-of-my-words-then-it-blessed-me-with-my-writing-c64bb61d196d,"Depression Robbed Me of My Words, Then It Blessed Me with My Writing",depression rob word bless writing,love
https://writingcooperative.com/ai-is-coming-for-content-creators-69e6febbf167,AI Is Coming for Content Creators,ai come content creator,joy
https://towardsdatascience.com/the-art-of-solving-any-data-science-problem-simple-tips-for-a-better-outcome-b9d4a484166e,The Art of Solving Any Data Science Problem — Simple Tips For A Better Outcome,art solve data science problem simple tip good outcome,joy
https://towardsdatascience.com/a-complete-word-processing-with-python-ac4e66963f40,A complete word processing with Python,complete word processing python,joy
https://uxdesign.cc/exploring-the-ethics-of-persuasive-design-fc06ef847ebe,"<strong class=""markup--strong markup--h3-strong"">Exploring the ethics of persuasive design</strong>",strong classmarkupstrong markuphstrongexploring ethic persuasive designstrong,joy
https://medium.com/swlh/five-types-of-content-that-are-overused-to-boredom-b58a0731cd7a,Five Types of Content That Are Overused to Boredom,five type content overuse boredom,joy
https://writingcooperative.com/the-complete-article-checklist-before-publishing-last-one-you-will-ever-need-6c26b806cd2b,The Complete Article Checklist Before Publishing — Last One You Will Ever Need,complete article checklist publish last one ever need,joy
https://writingcooperative.com/write-now-with-sylvia-day-eac17e1e4e46,Write Now With Sylvia Day,write sylvia day,joy
https://towardsdatascience.com/fast-load-data-to-sql-from-python-2d67aea946c0,"<strong class=""markup--strong markup--h3-strong"">Python To SQL — I Can Now Load Data 20X Faster</strong>",strong classmarkupstrong markuphstrongpython sql load data x fasterstrong,joy
https://towardsdatascience.com/unlocking-user-activation-with-root-cause-analysis-f7469a672c88,"<strong class=""markup--strong markup--h3-strong"">Unlocking User Activation with Root Cause Analysis</strong>",strong classmarkupstrong markuphstrongunlocking user activation root cause analysisstrong,joy
https://medium.com/swlh/32-months-of-daily-writing-on-medium-my-top-strategies-to-crush-the-competition-a18ab9847b4f,32 Months of Daily Writing on Medium — My Top Strategies to Crush the Competition!,month daily write medium top strategy crush competition,joy
https://medium.com/swlh/content-strategy-for-coaches-and-corporate-trainers-4cda9666cb96,Content Strategy for Coaches and Corporate Trainers,content strategy coach corporate trainer,joy
https://writingcooperative.com/writers-need-to-have-a-clear-reason-why-readers-should-support-them-88c85e0e30d2,Writers Need to Have a Clear Reason Why Readers Should Support Them,writer need clear reason reader support,love
https://writingcooperative.com/3-subtle-mindset-shifts-that-can-set-writers-free-from-instinctive-blind-spots-e5f179a4b5aa,3 Subtle Mindset Shifts That Can Set Writers Free From Instinctive Blind Spots,subtle mindset shift set writer free instinctive blind spot,joy
https://towardsdatascience.com/unimpressed-with-your-scatter-and-bar-plots-give-these-four-classic-alternatives-a-try-a3bab20d4872,"<strong class=""markup--strong markup--h3-strong"">Unimpressed With Your Scatter and Bar Plots? Give These Four Classic Alternatives A Try.</strong>",strong classmarkupstrong markuphstrongunimpressed scatter bar plot give four classic alternative trystrong,joy
https://towardsdatascience.com/secret-sauce-of-successful-segmentation-74e0c48d84ba,Secret Sauce of Successful Segmentations,secret sauce successful segmentation,joy
https://medium.com/swlh/7-amazing-ai-tools-that-you-should-start-using-no-matter-what-you-do-2912105750e0,7 Amazing AI Tools That You Should Start Using No Matter What You Do,amaze ai tool start use matter,joy
https://writingcooperative.com/criticism-hurts-like-being-bullied-but-it-wont-kill-you-23eab2a909a6,The Best Solution Is To Become Bulletproof,best solution become bulletproof,joy
https://writingcooperative.com/3-easy-ways-to-improve-your-novels-romantic-chemistry-fa6b54a093cb,3 Easy Ways to Improve Your Novel’s Romantic Chemistry,easy way improve novel romantic chemistry,love
https://uxdesign.cc/rise-of-the-ghost-firm-51478f6242bb,"<strong class=""markup--strong markup--h3-strong"">Rise of the ghost firm</strong>",strong classmarkupstrong markuphstrongrise ghost firmstrong,joy
https://medium.com/swlh/how-i-multiplied-my-passive-income-stream-of-1000-month-into-5000-month-d1a616515ff2,How I multiplied my passive income stream of $1000/month into $5000/month,multiply passive income stream month month,joy
https://writingcooperative.com/writing-online-is-like-drinking-kombucha-it-sucks-at-first-but-youll-learn-to-love-it-5bc76903108a,"Writing Online is Like Drinking Kombucha. It Sucks At First, But You’ll Learn to Love It.",write online like drink kombucha suck first youll learn love,love
https://towardsdatascience.com/best-practices-for-python-development-bf74c2880f87,Best Practices for Python Development,best practice python development,joy
https://medium.com/swlh/30-killer-ai-tools-other-than-chatgpt-that-are-so-valuable-that-they-feel-illegal-to-know-no-bs-753fa3eff09,30+ Killer AI Tools Other Than ChatGPT That Are So Valuable That They Feel Illegal To Know — No BS,killer ai tool chatgpt valuable feel illegal know b,joy
https://medium.com/swlh/6-powerful-tools-to-boost-your-entrepreneurial-journey-e69666072062,"<strong class=""markup--strong markup--h3-strong"">6 Powerful Tools To B</strong>",strong classmarkupstrong markuphstrong powerful tool bstrong,joy
https://writingcooperative.com/avoid-cliches-like-the-plague-dcaa8f5d17af,Avoid Cliches Like the Plague,avoid cliche like plague,joy
https://writingcooperative.com/what-a-reader-seeks-3-valuable-writing-tips-learnt-from-being-a-reader-c7e45036b935,What A Reader Seeks — 3 Valuable Writing Tips Learnt From Being A Reader,reader seek valuable write tip learnt reader,joy
https://writingcooperative.com/ten-months-to-publication-one-month-to-go-and-feelings-4864a78f6586,Ten Months to Publication: One Month To Go and Feelings,ten month publication one month go feeling,joy
https://towardsdatascience.com/how-i-setup-environment-for-data-science-projects-feat-git-vs-code-and-dvc-273a696ce8d7,How I Set Up Data Science Projects (with VS Code and DVC),set data science project vs code dvc,joy
https://uxdesign.cc/version-control-is-a-skill-ux-can-learn-to-make-their-lives-easier-f6ecc3fe780a,Version control is a skill UX can learn to make their lives easier,version control skill ux learn make life easy,joy
https://medium.com/swlh/the-goal-in-life-should-be-to-become-unemployable-75e3ae609989,The Goal in Life Should Be to Become Unemployable,goal life become unemployable,joy
https://writingcooperative.com/how-to-write-engaging-and-accessible-tech-content-c77bd6e79459,How to Write Engaging and Accessible Tech Content,write engaging accessible tech content,joy
https://towardsdatascience.com/evaluation-of-machine-learning-classifiers-3912e7f5cf74,"<strong class=""markup--strong markup--h3-strong"">Evaluation of Machine Learning Classifiers</strong>",strong classmarkupstrong markuphstrongevaluation machine learning classifiersstrong,joy
https://medium.com/swlh/ai-content-specialists-are-the-next-phase-in-the-evolution-of-freelance-writing-ed4938f182bb,AI Content Specialists Are the Next Phase in the Evolution of Freelance Writing,ai content specialist next phase evolution freelance writing,joy
https://uxdesign.cc/why-you-should-define-a-purpose-before-you-try-solving-problems-8a74243abf57,"<strong class=""markup--strong markup--h3-strong"">Why you should define a purpose before you try solving problems</strong>",strong classmarkupstrong markuphstrongwhy define purpose try solve problemsstrong,joy
https://medium.com/swlh/dont-find-time-to-hustle-find-3-tasks-that-propel-you-forwards-646095b65694,Don’t Find Time to Hustle — Find 3 Tasks That Propel You Forwards,dont find time hustle find task propel forward,joy
https://towardsdatascience.com/a-complete-guide-to-data-driven-customer-acquisition-f0f1708b328,A Complete guide to data-driven customer acquisition,complete guide datadriven customer acquisition,joy
https://towardsdatascience.com/xgboost-now-support-mae-as-objective-fdbbe18e173,XGBoost now support MAE as objective.,xgboost support mae objective,love
https://towardsdatascience.com/what-is-a-life-cycle-assessment-lca-e32a5078483a,What is a Life Cycle Assessment? LCA,life cycle assessment lca,joy
https://medium.com/swlh/mark-mansons-popular-book-that-transformed-pop-culture-was-no-accident-10819cab363c,Mark Manson’s Popular Book That Transformed Pop Culture Was No Accident,mark manson popular book transform pop culture accident,joy
https://medium.com/swlh/time-blocking-for-content-creators-a-simple-guide-to-better-efficiency-289dee1d79be,"<strong class=""markup--strong markup--h3-strong"">Time-Blocking for Content Creators: A Simple Guide to Better Efficiency</strong>",strong classmarkupstrong markuphstrongtimeblocking content creator simple guide good efficiencystrong,joy
https://writingcooperative.com/the-ultimate-guide-to-a-successful-mfa-application-5c6a2a23484c,The Ultimate Guide to a Successful MFA Application,ultimate guide successful mfa application,joy
https://towardsdatascience.com/the-perfect-text-editor-for-jupyter-a-complete-python-ide-608dd466560b,The Perfect Text Editor for Jupyter: A Complete Python IDE,perfect text editor jupyter complete python ide,joy
https://towardsdatascience.com/a-complete-guide-to-cohort-analysis-using-bigquery-and-looker-studio-1cd18c0edd79,A Complete Guide to Cohort Analysis using BigQuery and Looker Studio,complete guide cohort analysis use bigquery looker studio,joy
https://uxdesign.cc/the-ability-to-do-diy-user-research-is-becoming-a-more-valuable-skill-ac0471d1fbb8,The ability to do DIY user research is becoming a more valuable skill,ability diy user research become valuable skill,joy
https://medium.com/swlh/passive-income-blueprint-how-i-earn-1k-passively-every-month-and-you-can-too-d72e0a0ce362,Passive Income Blueprint: How I Earn $1k+ Passively Every Month and You Can Too,passive income blueprint earn k passively every month,joy
https://medium.com/swlh/steal-my-simple-daily-writing-system-so-you-will-never-face-idea-bankruptcy-again-807df1f78003,"<strong class=""markup--strong markup--h3-strong"">Steal My Simple Daily Writing System So You Will Never Face Idea Bankruptcy Again</strong>",strong classmarkupstrong markuphstrongsteal simple daily write system never face idea bankruptcy againstrong,joy
https://writingcooperative.com/3-storytelling-frameworks-i-am-using-to-transform-my-content-writing-8433c83ce87e,3 Storytelling Frameworks I Am Using To Transform My Content Writing,storytelling framework use transform content writing,joy
https://towardsdatascience.com/hacking-causal-inference-synthetic-control-with-ml-approaches-7f3c19c7abfa,Hacking Causal Inference: Synthetic Control with ML approaches,hack causal inference synthetic control ml approach,joy
https://medium.com/swlh/buzzword-bingo-how-to-win-every-meeting-and-keep-yourself-from-screaming-984977b9ed34,The 8 Meaningless Corporate Phrases You’ll Hear At Every Meeting,meaningless corporate phrase youll hear every meeting,joy
https://medium.com/swlh/5-changes-im-making-so-my-solopreneur-biz-prints-more-money-31d6e2276a35,5 Changes I’m Making So My Solopreneur Biz Prints [More] Money,change im make solopreneur biz print money,joy
https://medium.com/swlh/freelance-writing-v-publishing-on-content-platforms-which-is-good-for-you-55cab60f9b5c,Freelance Writing vs Writing on Content Platforms — Which Is Good for You?,freelance write v write content platform good,joy
https://medium.com/swlh/embrace-the-chaos-write-from-the-moment-4890fb35add1,"<strong class=""markup--strong markup--h3-strong"">Embrace the Chaos. Write from the Moment.</strong>",strong classmarkupstrong markuphstrongembrace chaos write momentstrong,joy
https://towardsdatascience.com/decision-trees-for-classification-complete-example-d0bc17fcf1c2,Decision Trees for Classification — Complete Example,decision tree classification complete example,joy
https://medium.com/swlh/heres-how-successful-creators-master-consistency-almost-unconsciously-15b70e2f56fe,Here’s How Successful Creators Master Consistency (Almost Unconsciously),heres successful creator master consistency almost unconsciously,joy
https://medium.com/swlh/5-underrated-tips-nobody-talks-about-content-creation-4374875c8eb3,5 Underrated Tips Nobody Talks About Content Creation,underrated tip nobody talk content creation,joy
https://writingcooperative.com/how-writing-is-like-baking-bread-bc35698f1399,How Writing Is Like Baking Bread,writing like bake bread,love
https://towardsdatascience.com/how-to-send-tabular-time-series-data-to-apache-kafka-with-python-and-pandas-39e2055373c3,How to send tabular time series data to Apache Kafka with Python and Pandas,send tabular time series data apache kafka python panda,joy
https://towardsdatascience.com/can-reinforcement-learning-generalize-beyond-its-training-3b9012d8e4cf,"<strong class=""markup--strong markup--h3-strong"">Can Reinforcement Learning Generalize Beyond Its Training?</strong>",strong classmarkupstrong markuphstrongcan reinforcement learn generalize beyond trainingstrong,joy
https://medium.com/swlh/chatgpt-is-massively-overhyped-its-time-we-all-calmed-down-972682ed79e6,ChatGPT Is Massively Overhyped. It’s Time We All Calmed Down.,chatgpt massively overhyped time calm,joy
https://towardsdatascience.com/fast-and-scalable-hyperparameter-tuning-and-cross-validation-in-aws-sagemaker-d2b4095412eb,"<strong class=""markup--strong markup--h3-strong"">Fast and Scalable Hyperparameter Tuning and Cross-validation in AWS SageMaker</strong>",strong classmarkupstrong markuphstrongfast scalable hyperparameter tuning crossvalidation aws sagemakerstrong,joy
https://medium.com/swlh/how-i-make-a-full-time-blogging-income-with-unicorn-content-d7b7ce94fe80,How I Make a Full-Time Blogging Income With Unicorn Content,make fulltime blogging income unicorn content,joy
https://medium.com/swlh/my-dead-simple-content-system-for-writing-part-time-on-the-internet-6d431357e305,My Dead-Simple Content System For Writing Part-Time on the Internet,deadsimple content system write parttime internet,joy
https://medium.com/swlh/20-free-newsletters-that-will-drastically-improve-your-life-7fe03082a748,20 Free Newsletters That Will Drastically Improve Your Life,free newsletter drastically improve life,joy
https://medium.com/swlh/buzzfeeds-method-for-scaling-your-content-business-59b02387c30b,Buzzfeed’s Method for Scaling Your Content Business,buzzfeeds method scale content business,joy
https://medium.com/swlh/from-imitation-to-innovation-the-journey-to-discovering-your-unique-writing-voice-b27755afbfb4,You Must Accept these 9 Painful Truths As a Full-Time Content Creator,must accept painful truth fulltime content creator,joy
https://writingcooperative.com/how-i-write-480-000-words-a-month-and-never-run-out-of-ideas-25e46fa8b9e3,"How I Write 480,000 Words a Month and Never Run out of Ideas",write word month never run idea,joy
https://uxdesign.cc/viva-magenta-diverging-with-waterfall-6c2453638c6c,"<strong class=""markup--strong markup--h3-strong"">Viva Magenta: diverging with waterfall</strong>",strong classmarkupstrong markuphstrongviva magenta diverge waterfallstrong,joy
https://medium.com/swlh/if-your-startup-is-struggling-theres-a-90-chance-it-s-because-of-one-predictable-reason-b34e23fd173b,"<strong class=""markup--strong markup--h3-strong"">If Your Startup Is Struggling, There’s a 90% Chance It’s Because of One, Predictable Reason</strong>",strong classmarkupstrong markuphstrongif startup struggle there chance one predictable reasonstrong,joy
https://medium.com/swlh/do-this-for-your-writing-to-drive-impact-engagement-and-a-happy-heart-ba99d3f746db,"Do This For Your Writing to Drive Impact, Engagement, and a Happy Heart",writing drive impact engagement happy heart,joy
https://writingcooperative.com/want-to-sell-your-self-published-book-write-the-sales-copy-first-4a47989eaa30,"<strong class=""markup--strong markup--h3-strong"">Want to Sell Your Self-Published Book? Write the Sales Copy First.</strong>",strong classmarkupstrong markuphstrongwant sell selfpublished book write sale copy firststrong,joy
https://writingcooperative.com/what-charcuterie-boards-can-teach-us-about-writing-897ce9e5b774,"<strong class=""markup--strong markup--h3-strong"">What Charcuterie Boards Can Teach Us About Writing</strong>",strong classmarkupstrong markuphstrongwhat charcuterie board teach u writingstrong,joy
https://towardsdatascience.com/college-basketballs-net-rankings-explained-25faa0ce71ed,College Basketball’s NET Rankings Explained,college basketball net ranking explain,joy
https://towardsdatascience.com/the-basics-of-contrast-enhanced-ct-eba2ab7f3c78,"<strong class=""markup--strong markup--h3-strong"">The Basics of Contrast-Enhanced CT</strong>",strong classmarkupstrong markuphstrongthe basic contrastenhanced ctstrong,joy
https://uxdesign.cc/the-way-you-make-me-feel-77d24019385c,The way you make me feel — how to set up in-app feedback,way make feel set inapp feedback,joy
https://medium.com/swlh/starting-a-6-figure-side-hustle-while-working-full-time-how-i-used-lessons-from-positive-5b0f5ff9450,"<strong class=""markup--strong markup--h3-strong"">Starting a 6-Figure Side Hustle While Working Full Time: How I Used Lessons from Positive Psychology to Pull it Off</strong>",strong classmarkupstrong markuphstrongstarting figure side hustle work full time use lesson positive psychology pull offstrong,joy
https://medium.com/swlh/8-secret-content-strategies-to-start-building-your-online-audience-7d333dca1007,8 Secret Content Strategies to Start Building Your Online Audience,secret content strategy start build online audience,joy
https://towardsdatascience.com/effective-data-visualization-9-valuable-tips-to-increase-the-quality-of-your-charts-5fec31144a6d,Effective Data Visualization: 9 Valuable Tips to Increase the Quality of Your Charts,effective data visualization valuable tip increase quality chart,joy
https://towardsdatascience.com/one-hot-encoding-scikit-vs-pandas-2133775567b8,One Hot Encoding scikit vs pandas,one hot encode scikit v panda,love
https://medium.com/swlh/i-used-chatgpt-every-day-for-3-months-heres-what-i-ve-learned-b4e8b1d910b4,"I Used ChatGPT (Every day) for 3 Months, Here’s What I’ve Learned",use chatgpt every day month here ive learn,joy
https://medium.com/swlh/the-future-of-content-creation-delivering-a-fully-immersive-volumetric-experience-ee6e1e2cd082,The Future of Content Creation: Delivering a Fully Immersive Volumetric Experience,future content creation deliver fully immersive volumetric experience,joy
https://medium.com/swlh/3-time-management-secrets-that-helped-me-double-my-productivity-efa907331b83,"<strong class=""markup--strong markup--h3-strong"">3 Time-Management Secrets that Helped me Double My Productivity</strong>",strong classmarkupstrong markuphstrong timemanagement secret help double productivitystrong,joy
https://writingcooperative.com/the-practical-3-step-guide-to-writing-more-in-less-time-f0211d9196cc,The Practical 3-Step Guide to Writing More in Less Time,practical step guide write less time,joy
https://towardsdatascience.com/higher-precision-imaging-of-espresso-982270300b80,Higher Precision Imaging of Espresso Baskets,high precision imaging espresso basket,joy
https://uxdesign.cc/the-most-popular-experience-design-trends-of-2023-21a7c3c49421,The Most Popular Experience Design Trends of 2023,popular experience design trend,joy
https://uxdesign.cc/how-nostalgic-ux-suddenly-became-a-global-trend-d564fc87f4da,How nostalgic UX suddenly became a global trend,nostalgic ux suddenly become global trend,love
https://writingcooperative.com/how-to-build-a-strong-readership-f8842cb0c6c9,How To Build a Strong Readership,build strong readership,joy
https://writingcooperative.com/creativity-in-crisis-the-true-cost-of-high-expectations-c078d477cd50,Creativity in Crisis: The True Cost of High Expectations,creativity crisis true cost high expectation,joy
https://writingcooperative.com/my-experience-receiving-a-revise-and-resubmit-from-a-big-5-publisher-78eb15fbcb42,My Experience Receiving a Revise and Resubmit from a Big 5 Publisher,experience receive revise resubmit big publisher,joy
https://writingcooperative.com/ten-months-to-publication-published-64d50898fbd1,Ten Months to Publication: Published!,ten month publication publish,joy
https://uxdesign.cc/how-to-design-like-macgyver-b159a0ba78f0,How to design like MacGyver,design like macgyver,love
https://uxdesign.cc/tips-for-design-influencers-unethical-bridges-right-to-left-ui-42589008cf17,"<strong class=""markup--strong markup--h3-strong"">Tips for design influencers, unethical bridges, right-to-left UI</strong>",strong classmarkupstrong markuphstrongtips design influencers unethical bridge righttoleft uistrong,joy
https://uxdesign.cc/11-tips-to-help-your-users-avoid-simulator-sickness-in-vr-bdc92d6c8754,11 tips to help your users feel more comfortable in VR,tip help user feel comfortable vr,joy
https://writingcooperative.com/7-tips-for-writing-like-a-pro-insights-from-a-seasoned-copywriter-6d5b60933068,7 Tips for Writing Like a Pro: Insights from a Seasoned Copywriter,tip write like pro insight seasoned copywriter,joy
https://writingcooperative.com/how-to-create-a-content-writing-strategy-you-can-stick-with-ce7fdced3b25,How to Create a Content Writing Strategy You Can Stick With,create content write strategy stick,joy
https://uxdesign.cc/how-to-create-an-affordable-figma-portfolio-website-a1dfd7c48e86,"<strong class=""markup--strong markup--h3-strong"">How to create an affordable Figma portfolio website</strong>",strong classmarkupstrong markuphstronghow create affordable figma portfolio websitestrong,joy
https://medium.com/swlh/steve-jobs-7-timeless-rules-for-building-a-brand-people-love-af25c4a55e37,Steve Job’s 7 Timeless Rules For Building A Brand People Love,steve job timeless rule build brand people love,joy
https://medium.com/swlh/the-dead-simple-content-review-system-that-you-can-steal-c61d653003ee,The Dead-Simple Content Review System That You Can Steal,deadsimple content review system steal,joy
https://medium.com/swlh/want-to-release-a-bestseller-heres-a-plan-9f304f593565,"<strong class=""markup--strong markup--h3-strong"">Want to Release a Bestseller? Here’s A Plan.</strong>",strong classmarkupstrong markuphstrongwant release bestseller heres planstrong,joy
https://towardsdatascience.com/measuring-the-speed-of-new-pandas-2-0-against-polars-and-datatable-still-not-good-enough-e44dc78f6585,Measuring The Speed of New Pandas 2.0 Against Polars and Datatable — Still Not Good Enough,measure speed new panda polars datatable still good enough,joy
https://towardsdatascience.com/time-series-for-climate-change-forecasting-wind-power-8ed6d653a255,Time Series for Climate Change: Forecasting Wind Power,time series climate change forecast wind power,joy
https://towardsdatascience.com/how-to-setup-a-simple-etl-pipeline-with-aws-lambda-for-data-science-89e5b96c7017,How to Set Up a Simple ETL Pipeline with AWS Lambda for Data Science,set simple etl pipeline aws lambda data science,joy
https://uxdesign.cc/an-open-conversation-with-george-stiny-about-calculating-and-design-5ff67f80b61,"<strong class=""markup--strong markup--h3-strong"">An open conversation with George Stiny about calculating and design</strong>",strong classmarkupstrong markuphstrongan open conversation george stiny calculate designstrong,joy
https://medium.com/swlh/7-ways-to-fall-back-in-love-with-writing-b2ae96c33c61,7 Ways to Fall Back in Love With Writing,way fall back love writing,love
https://uxdesign.cc/say-goodbye-to-dummy-text-and-start-using-real-content-6a168ee8af9d,Say goodbye to “dummy text” and start using real content,say goodbye dummy text start use real content,joy
https://towardsdatascience.com/causal-python-elon-musks-tweet-our-googling-habits-bayesian-synthetic-control-187114fc4aa8,"Causal Python — Elon Musk’s Tweet, Our Googling Habits, and Bayesian Synthetic Control",causal python elon musk tweet google habit bayesian synthetic control,joy
https://towardsdatascience.com/2023-predictions-whats-next-for-ai-research-de5b035bc448,"<strong class=""markup--strong markup--h3-strong"">2023 Predictions: What’s Next for AI Research?</strong>",strong classmarkupstrong markuphstrong prediction whats next ai researchstrong,joy
https://medium.com/swlh/7-modern-writing-tools-that-changed-my-life-16bf5f791b0e,7 Modern Writing Tools That Changed My Life,modern writing tool change life,joy
https://medium.com/swlh/smart-creators-dont-try-to-be-good-at-everything-they-only-master-one-thing-47f80272038b,Smart Creators Don’t Try to Be Good at Everything — They Only Master One Thing,smart creator dont try good everything master one thing,joy
https://writingcooperative.com/why-writers-should-care-about-ai-art-b859192776c9,Why Writers Should Care About AI Art,writer care ai art,love
https://writingcooperative.com/frankenstein-inspired-generations-of-successful-writers-92d7f3a654db,Frankenstein Inspired Generations of Successful Writers,frankenstein inspired generation successful writer,joy
https://towardsdatascience.com/a-better-symbolic-regression-method-by-explicitly-considering-units-35b3630165b,"A better symbolic regression method, by explicitly considering units",good symbolic regression method explicitly consider unit,joy
https://medium.com/swlh/2-chatgpt-free-chrome-extensions-so-useful-they-almost-feel-illegal-605b1c9d48ee,2 ChatGPT (Free) Chrome Extensions so Useful They Almost Feel Illegal,chatgpt free chrome extension useful almost feel illegal,joy
https://medium.com/swlh/why-building-an-email-list-is-the-best-first-side-hustle-6ea466de0c17,Why Building an Email List Is the Best First Side Hustle,build email list best first side hustle,joy
https://writingcooperative.com/repurposing-content-is-for-lazy-writers-who-end-up-frustrated-fe7517b82a5a,Repurposing Content Is for Lazy Writers Who End up Frustrated,repurposing content lazy writer end frustrated,joy
https://writingcooperative.com/what-is-an-author-brand-45a09cb1acaa,"<strong class=""markup--strong markup--h3-strong"">What is an Author Brand?</strong>",strong classmarkupstrong markuphstrongwhat author brandstrong,joy
https://towardsdatascience.com/3-immutable-rules-for-successful-data-sharing-ac884766ca10,3 Immutable Rules for Successful Data Sharing,immutable rule successful data share,joy
https://medium.com/swlh/3-things-i-discovered-while-digital-nomading-in-bali-for-2-days-c993e7849bf1,"<strong class=""markup--strong markup--h3-strong"">3 Things I Discovered While Digital Nomading in Bali for 2 Days</strong>",strong classmarkupstrong markuphstrong thing discover digital nomading bali daysstrong,joy
https://towardsdatascience.com/how-to-find-the-best-theoretical-distribution-for-your-data-a26e5673b4bd,How to Find the Best Theoretical Distribution for Your Data,find best theoretical distribution data,joy
https://towardsdatascience.com/how-to-survive-the-data-explosion-when-adopting-a-modern-data-stack-15ff12ec86c1,"<strong class=""markup--strong markup--h3-strong"">How to survive the data explosion when adopting a modern data stack</strong>",strong classmarkupstrong markuphstronghow survive data explosion adopt modern data stackstrong,joy
https://medium.com/swlh/did-you-know-you-have-to-be-successful-before-you-get-support-caaa2c79d00e,Did You Know You Have To Be Successful *Before* You Get Support?,know successful get support,love
https://writingcooperative.com/help-my-protagonist-is-just-like-me-f72d71f520f0,Help! My Protagonist Is Just Like Me!,help protagonist like,joy
https://writingcooperative.com/how-to-fall-in-love-with-editing-and-stop-sabotaging-your-writing-success-fc7b0187e827,How to Fall in Love with Editing and Stop Sabotaging Your Writing Success,fall love editing stop sabotage writing success,joy
https://towardsdatascience.com/best-free-courses-and-resources-to-learn-reinforcement-learning-ed6633608cb2,"<strong class=""markup--strong markup--h3-strong"">The Best Resources to Learn Reinforcement Learning</strong>",strong classmarkupstrong markuphstrongthe best resource learn reinforcement learningstrong,joy
https://towardsdatascience.com/introduction-to-forecasting-ensembles-f63877a2498,"<strong class=""markup--strong markup--h3-strong"">Introduction to Forecasting Ensembles</strong>",strong classmarkupstrong markuphstrongintroduction forecasting ensemblesstrong,joy
https://medium.com/swlh/i-was-scammed-on-amazon-and-it-was-a-masterclass-in-understanding-consumer-buying-habits-21f560148e46,"<strong class=""markup--strong markup--h3-strong"">I Was Scammed on Amazon, and it Was a Masterclass in Understanding Consumer Buying Habits</strong>",strong classmarkupstrong markuphstrongi scammed amazon masterclass understand consumer buying habitsstrong,joy
https://medium.com/swlh/lastpass-got-hacked-heres-a-cool-free-alternative-password-manager-you-can-use-9c07c52377f0,"<strong class=""markup--strong markup--h3-strong"">Lastpass Got Hacked. Here’s A Cool (&amp; Free) Alternative Password Manager You Can Use.</strong>",strong classmarkupstrong markuphstronglastpass get hacked here cool amp free alternative password manager usestrong,joy
https://writingcooperative.com/the-thing-more-valuable-than-an-advanced-degree-for-a-writer-or-freelancer-26bcabbb8833,The Thing More Valuable Than An Advanced Degree For A Writer Or Freelancer,thing valuable advanced degree writer freelancer,joy
https://towardsdatascience.com/how-to-transform-time-series-for-deep-learning-3b6abbbb3726,How to Transform Time Series for Deep Learning,transform time series deep learning,joy
https://towardsdatascience.com/a-day-in-the-life-of-a-senior-data-scientist-e8b7a4866667,A Day in the Life of a Senior Data Scientist,day life senior data scientist,joy
https://medium.com/swlh/3-real-life-examples-of-successful-storytelling-in-copywriting-db67794d1329,3 Real-Life Examples of Successful Storytelling in Copywriting,reallife example successful storytelling copywriting,joy
https://medium.com/swlh/7-reasons-i-am-happy-being-a-small-creator-be506930f11b,7 Reasons I Am Happy Being a Small Creator,reason happy small creator,joy
https://writingcooperative.com/five-things-my-debut-book-launch-taught-me-7af11dc3086c,"<strong class=""markup--strong markup--h3-strong"">Five Things My Debut Book Launch Taught Me</strong>",strong classmarkupstrong markuphstrongfive thing debut book launch taught mestrong,joy
https://writingcooperative.com/unlock-endless-attractive-and-unique-content-ideas-by-turning-your-life-into-a-lab-946bc4f21d45,Unlock Endless Attractive and Unique Content Ideas by Turning Your Life Into a Lab,unlock endless attractive unique content idea turn life lab,joy
https://towardsdatascience.com/a-complete-tutorial-on-off-policy-evaluation-for-recommender-systems-e92085018afe,A Complete Tutorial on Off-Policy Evaluation for Recommender Systems,complete tutorial offpolicy evaluation recommender system,joy
https://medium.com/swlh/how-to-be-found-on-search-engines-for-content-creators-4c52887d4749,How to Be Found on Search Engines — For Content Creators,find search engine content creator,joy
https://towardsdatascience.com/advances-in-deep-learning-for-time-series-forecasting-and-classification-winter-2023-edition-6617c203c1d1,Advances in Deep Learning for Time Series Forecasting and Classification: Winter 2023 Edition,advance deep learning time series forecasting classification winter edition,joy
https://towardsdatascience.com/causal-effects-via-regression-28cb58a2fffc,"<strong class=""markup--strong markup--h3-strong"">Causal Effects via Regression</strong>",strong classmarkupstrong markuphstrongcausal effect via regressionstrong,joy
https://towardsdatascience.com/7-scikit-learn-best-practices-for-data-scientists-f232a6ed2756,7 Scikit-Learn Best Practices For Data Scientists,scikitlearn best practice data scientist,joy
https://towardsdatascience.com/is-feature-engineering-dead-203e6a9e5751,"<strong class=""markup--strong markup--h3-strong"">Is Feature Engineering Dead?</strong>",strong classmarkupstrong markuphstrongis feature engineering deadstrong,joy
https://towardsdatascience.com/storytelling-with-tables-514412adc4b7,"<strong class=""markup--strong markup--h3-strong"">Storytelling with Tables</strong>",strong classmarkupstrong markuphstrongstorytelling tablesstrong,joy
https://uxdesign.cc/user-onboarding-practices-that-you-cannot-miss-dff86a5c966a,User onboarding: best practices,user onboarding best practice,joy
https://medium.com/swlh/3-myths-that-are-hindering-your-content-creation-growth-7eccb72b6ce6,3 Myths That Are Hindering Your Content Creation Growth,myth hinder content creation growth,joy
https://towardsdatascience.com/vim-tutorial-edit-text-like-a-pro-ea13e45010f5,VIM Tutorial — Edit Text Like a Pro,vim tutorial edit text like pro,love
https://uxdesign.cc/10-features-im-loving-in-framer-right-now-a834ed2ebe75,"<strong class=""markup--strong markup--h3-strong"">10 Features I’m Loving in Framer Right Now</strong>",strong classmarkupstrong markuphstrong feature im love framer right nowstrong,joy
https://medium.com/swlh/how-id-tap-into-my-uncommon-sense-to-unearth-hidden-writing-possibilities-5921e278167d,"<strong class=""markup--strong markup--h3-strong"">How I’d Tap Into My Uncommon Sense to Unearth Hidden Writing Possibilities</strong>",strong classmarkupstrong markuphstronghow id tap uncommon sense unearth hidden writing possibilitiesstrong,joy
https://writingcooperative.com/when-telling-is-better-than-showing-an-excerpt-from-game-of-thrones-e9157a519215,When Telling is Better than Showing — An Excerpt from “Game of Thrones”,telling good show excerpt game throne,joy
https://medium.com/swlh/8-killer-ai-tools-other-than-chatgpt-you-wont-believe-exist-and-surely-blow-your-mind-f8dad2502728,"<strong class=""markup--strong markup--h3-strong"">8 Killer AI Tools </strong>",strong classmarkupstrong markuphstrong killer ai tool strong,joy
https://towardsdatascience.com/the-dvc-guide-data-version-control-for-all-your-data-science-projects-382d5b5aab00,The DVC Guide: Data Version Control For All Your Data Science Projects,dvc guide data version control data science project,joy
https://uxdesign.cc/applying-design-thinking-to-planning-an-offsite-6c4a011ac361,Applying design thinking to planning an offsite,apply design think plan offsite,joy
https://medium.com/swlh/content-creation-in-the-age-of-artificial-intelligence-heres-what-s-dramatically-changing-95c0bb0d907,Content Creation in the Age of Artificial Intelligence: Here’s What’s (Dramatically) Changing,content creation age artificial intelligence here whats dramatically change,joy
https://towardsdatascience.com/context-enriched-data-the-secret-superpower-for-your-deep-learning-model-549826a5fb3d,"<strong class=""markup--strong markup--h3-strong"">Context-Enriched Data: The Secret Superpower for Your Deep Learning Model</strong>",strong classmarkupstrong markuphstrongcontextenriched data secret superpower deep learning modelstrong,joy
https://towardsdatascience.com/solve-a-mystery-box-like-a-data-scientist-f9ee9570ba52,Solve a mystery box like a data scientist,solve mystery box like data scientist,love
https://towardsdatascience.com/analysing-nyc-yellow-taxi-trip-records-with-interpretml-d4421bff32ac,Analysing NYC Yellow Taxi Trip Records with InterpretML,analyse nyc yellow taxi trip record interpretml,joy
https://uxdesign.cc/now-is-a-good-time-to-multiply-your-design-teams-capacity-88b9f1dda328,Now is a good time to multiply your Design team’s capacity,good time multiply design team capacity,joy
https://medium.com/swlh/turning-pro-3-mindset-shifts-that-can-make-you-earn-a-full-time-living-as-a-creator-this-year-eda427df1288,Turning Pro: 3 Mindset Shifts That Can Make You Earn a Full-Time Living as a Creator This Year,turn pro mindset shift make earn fulltime living creator year,joy
https://towardsdatascience.com/do-you-really-need-a-feature-store-f71cf9586158,Do you really need a Feature Store?,really need feature store,love
https://towardsdatascience.com/how-to-build-distributed-ml-applications-on-the-aws-cloud-with-kubernetes-and-oneapi-81535012d136,"<strong class=""markup--strong markup--h3-strong"">How to Build Distributed ML Applications on the AWS Cloud with Kubernetes and oneAPI</strong>",strong classmarkupstrong markuphstronghow build distributed ml application aws cloud kubernetes oneapistrong,joy
https://medium.com/swlh/what-the-silicon-valley-bank-run-can-teach-content-creators-to-bulletproof-their-business-51e704558f0,What the Silicon Valley Bank Run Can Teach Content Creators About Bulletproofing Their Businesses,silicon valley bank run teach content creator bulletproof business,joy
https://writingcooperative.com/building-the-perfect-writing-structure-one-layer-at-a-time-57e27b34b3c4,Building the Perfect Writing Structure One Layer at a Time,build perfect writing structure one layer time,joy
https://towardsdatascience.com/desmystifying-curvelets-c6d88faba0bf,"<strong class=""markup--strong markup--h3-strong"">Desmystifying Curvelets</strong>",strong classmarkupstrong markuphstrongdesmystifying curveletsstrong,joy
https://towardsdatascience.com/native-support-of-categories-in-xgboost-how-does-it-work-d359096bd003,Native support of categories in XGBoost: how does it work?,native support category xgboost work,love
https://medium.com/swlh/i-wrote-every-day-for-960-days-heres-the-simple-process-that-turned-me-into-a-pro-99f4e94d2e2f,"<strong class=""markup--strong markup--h3-strong"">I Wrote Every Day for 960 Days, Here’s the Simple Process That Turned Me Into a Pro</strong>",strong classmarkupstrong markuphstrongi write every day day heres simple process turn prostrong,joy
https://medium.com/swlh/new-linkedin-updates-you-will-love-95791af57547,New LinkedIn Updates You Will Love,new linkedin update love,joy
https://uxdesign.cc/designing-for-brand-integrity-how-to-integrate-branding-into-the-ux-process-295266e5b48e,"<strong class=""markup--strong markup--h3-strong"">Designing for brand integrity: how to integrate branding into UX</strong>",strong classmarkupstrong markuphstrongdesigning brand integrity integrate brand uxstrong,joy
https://medium.com/swlh/5-steps-for-setting-and-achieving-your-business-goals-in-2023-1792b37b27a9,5 Steps for Setting and Achieving Your Business Goals in 2023,step set achieve business goal,joy
https://medium.com/swlh/5-lessons-ive-learned-as-a-full-time-content-writer-6acb4bd6a19,5 Lessons I’ve Learned as a Full-Time Content Writer,lesson ive learn fulltime content writer,joy
https://writingcooperative.com/its-high-time-we-leave-this-mindset-behind-and-sail-on-to-become-a-better-writer-61278ae6e51,It’s High Time We Leave This Mindset Behind and Sail On to Become a Better Writer,high time leave mindset behind sail become good writer,joy
https://towardsdatascience.com/solving-the-class-imbalance-problem-58cb926b5a0f,"<strong class=""markup--strong markup--h3-strong"">Solving The Class Imbalance Problem</strong>",strong classmarkupstrong markuphstrongsolving class imbalance problemstrong,joy
https://towardsdatascience.com/ml-basics-part-4-decision-trees-cc37d07137b2,"<strong class=""markup--strong markup--h3-strong"">ML Basics (Part-4): Decision Trees</strong>",strong classmarkupstrong markuphstrongml basic part decision treesstrong,joy
https://towardsdatascience.com/optimizing-browsing-a-taxonomy-30596bcdbd9d,"<strong class=""markup--strong markup--h3-strong"">Optimizing Browsing A Taxonomy</strong>",strong classmarkupstrong markuphstrongoptimizing browse taxonomystrong,joy
https://medium.com/swlh/navigating-the-ethical-contours-of-ai-copy-generators-like-chatgpt-f07a0c01e311,Navigating the Ethical Contours of AI Copy Generators Like ChatGPT,navigate ethical contour ai copy generator like chatgpt,love
https://medium.com/swlh/dont-become-a-full-time-content-creator-if-you-have-low-risk-tolerance-13fa2f77791a,Don’t Become a Full-Time Content Creator If You Have Low-Risk Tolerance,dont become fulltime content creator lowrisk tolerance,joy
https://writingcooperative.com/how-my-mba-made-me-a-better-fiction-writer-d222bc61a5b0,"<strong class=""markup--strong markup--h3-strong"">How My MBA Made Me a Better Fiction Writer</strong>",strong classmarkupstrong markuphstronghow mba make good fiction writerstrong,joy
https://writingcooperative.com/how-to-start-your-novel-with-momentum-to-finish-it-8d001f4908c5,How to Start Your Novel with Momentum to Finish It,start novel momentum finish,joy
https://towardsdatascience.com/effective-data-visualization-9-valuable-tips-to-increase-the-quality-of-your-charts-5fec31144a6d,Effective Data Visualization: 9 Valuable Tips to Increase the Quality of Your Charts,effective data visualization valuable tip increase quality chart,joy
https://towardsdatascience.com/one-hot-encoding-scikit-vs-pandas-2133775567b8,One Hot Encoding scikit vs pandas,one hot encode scikit v panda,love
https://medium.com/swlh/i-used-chatgpt-every-day-for-3-months-heres-what-i-ve-learned-b4e8b1d910b4,"I Used ChatGPT (Every day) for 3 Months, Here’s What I’ve Learned",use chatgpt every day month here ive learn,joy
https://medium.com/swlh/the-future-of-content-creation-delivering-a-fully-immersive-volumetric-experience-ee6e1e2cd082,The Future of Content Creation: Delivering a Fully Immersive Volumetric Experience,future content creation deliver fully immersive volumetric experience,joy
https://medium.com/swlh/3-time-management-secrets-that-helped-me-double-my-productivity-efa907331b83,"<strong class=""markup--strong markup--h3-strong"">3 Time-Management Secrets that Helped me Double My Productivity</strong>",strong classmarkupstrong markuphstrong timemanagement secret help double productivitystrong,joy
https://writingcooperative.com/the-practical-3-step-guide-to-writing-more-in-less-time-f0211d9196cc,The Practical 3-Step Guide to Writing More in Less Time,practical step guide write less time,joy
https://uxdesign.cc/rise-of-the-ghost-firm-51478f6242bb,"<strong class=""markup--strong markup--h3-strong"">Rise of the ghost firm</strong>",strong classmarkupstrong markuphstrongrise ghost firmstrong,joy
https://medium.com/swlh/how-i-multiplied-my-passive-income-stream-of-1000-month-into-5000-month-d1a616515ff2,How I multiplied my passive income stream of $1000/month into $5000/month,multiply passive income stream month month,joy
https://writingcooperative.com/writing-online-is-like-drinking-kombucha-it-sucks-at-first-but-youll-learn-to-love-it-5bc76903108a,"Writing Online is Like Drinking Kombucha. It Sucks At First, But You’ll Learn to Love It.",write online like drink kombucha suck first youll learn love,love
https://towardsdatascience.com/causal-python-elon-musks-tweet-our-googling-habits-bayesian-synthetic-control-187114fc4aa8,"Causal Python — Elon Musk’s Tweet, Our Googling Habits, and Bayesian Synthetic Control",causal python elon musk tweet google habit bayesian synthetic control,joy
https://towardsdatascience.com/2023-predictions-whats-next-for-ai-research-de5b035bc448,"<strong class=""markup--strong markup--h3-strong"">2023 Predictions: What’s Next for AI Research?</strong>",strong classmarkupstrong markuphstrong prediction whats next ai researchstrong,joy
https://medium.com/swlh/7-modern-writing-tools-that-changed-my-life-16bf5f791b0e,7 Modern Writing Tools That Changed My Life,modern writing tool change life,joy
https://medium.com/swlh/smart-creators-dont-try-to-be-good-at-everything-they-only-master-one-thing-47f80272038b,Smart Creators Don’t Try to Be Good at Everything — They Only Master One Thing,smart creator dont try good everything master one thing,joy
https://writingcooperative.com/why-writers-should-care-about-ai-art-b859192776c9,Why Writers Should Care About AI Art,writer care ai art,love
https://writingcooperative.com/frankenstein-inspired-generations-of-successful-writers-92d7f3a654db,Frankenstein Inspired Generations of Successful Writers,frankenstein inspired generation successful writer,joy
https://towardsdatascience.com/using-propensity-score-matching-to-build-leading-indicators-3e656dccbaf9,"<strong class=""markup--strong markup--h3-strong"">Using Propensity-Score Matching to Build Leading Indicators</strong>",strong classmarkupstrong markuphstrongusing propensityscore match build lead indicatorsstrong,joy
https://medium.com/swlh/how-ive-showed-up-to-write-on-the-internet-for-1000-days-b8d29c6a2817,How I’ve Showed Up To Write on the Internet for 1000 Days,ive show write internet day,joy
https://medium.com/swlh/the-secret-to-unlocking-your-brains-capacity-c4322d9c92e1,"<strong class=""markup--strong markup--h3-strong""><em class=""markup--em markup--h3-em"">The Secret to Unlocking Your Brain’s Capacity: A Simple Hack for Balancing Quick Critical Thinking and Solving</em></strong>",strong classmarkupstrong markuphstrongem classmarkupem markuphemthe secret unlock brain capacity simple hack balance quick critical thinking solvingemstrong,joy
https://writingcooperative.com/ten-months-to-publication-so-who-is-kaye-macey-bcb577175d75,Ten Months To Publication: So Who Is Kaye Macey?,ten month publication kaye macey,joy
https://medium.com/swlh/it-took-3-years-for-anyone-to-notice-my-writing-and-im-so-glad-it-did-e03b218a39e1,It Took 3 Years For Anyone to Notice My Writing. And I’m So Glad It Did.,take year anyone notice writing im glad,joy
https://medium.com/swlh/6-micro-tricks-that-can-train-your-mind-to-create-more-content-a51ecae7bd4b,6 (Micro) Tricks That Can Train Your Mind To Create More Content,micro trick train mind create content,joy
https://towardsdatascience.com/a-complete-guide-to-data-driven-customer-acquisition-f0f1708b328,A Complete guide to data-driven customer acquisition,complete guide datadriven customer acquisition,joy
https://towardsdatascience.com/xgboost-now-support-mae-as-objective-fdbbe18e173,XGBoost now support MAE as objective.,xgboost support mae objective,love
https://towardsdatascience.com/what-is-a-life-cycle-assessment-lca-e32a5078483a,What is a Life Cycle Assessment? LCA,life cycle assessment lca,joy
https://medium.com/swlh/mark-mansons-popular-book-that-transformed-pop-culture-was-no-accident-10819cab363c,Mark Manson’s Popular Book That Transformed Pop Culture Was No Accident,mark manson popular book transform pop culture accident,joy
https://medium.com/swlh/time-blocking-for-content-creators-a-simple-guide-to-better-efficiency-289dee1d79be,"<strong class=""markup--strong markup--h3-strong"">Time-Blocking for Content Creators: A Simple Guide to Better Efficiency</strong>",strong classmarkupstrong markuphstrongtimeblocking content creator simple guide good efficiencystrong,joy
https://writingcooperative.com/the-ultimate-guide-to-a-successful-mfa-application-5c6a2a23484c,The Ultimate Guide to a Successful MFA Application,ultimate guide successful mfa application,joy
https://towardsdatascience.com/data-scientists-problem-solvers-first-algorithm-wizards-second-93daa031d131,"<strong class=""markup--strong markup--h3-strong"">Data Scientists: Problem Solvers First, Algorithm Wizards Second</strong>",strong classmarkupstrong markuphstrongdata scientist problem solver first algorithm wizard secondstrong,joy
https://towardsdatascience.com/setting-up-a-flask-application-for-data-science-7522fc9f771e,Setting up a flask application for Data Science,set flask application data science,joy
https://towardsdatascience.com/software-specification-in-agile-projects-8248f5be6c1,"<strong class=""markup--strong markup--h3-strong"">Software Specification in Agile Projects</strong>",strong classmarkupstrong markuphstrongsoftware specification agile projectsstrong,joy
https://uxdesign.cc/the-tao-of-ux-c44f7cd893cf,"<strong class=""markup--strong markup--h3-strong"">The TAO of UX</strong>",strong classmarkupstrong markuphstrongthe tao uxstrong,joy
https://uxdesign.cc/scrolling-for-dopamine-the-impact-of-social-media-on-our-brains-ux-ui-addiction-design-psychology-phone-app-e6a1786d9d3b,Scrolling for dopamine: the impact of social media on our lives,scroll dopamine impact social medium life,joy
https://medium.com/swlh/7-passive-income-ideas-how-i-earn-350-a-day-81661ce28f68,7 Passive Income Ideas — How I Earn $350 A Day,passive income idea earn day,joy
https://towardsdatascience.com/desmystifying-curvelets-c6d88faba0bf,"<strong class=""markup--strong markup--h3-strong"">Desmystifying Curvelets</strong>",strong classmarkupstrong markuphstrongdesmystifying curveletsstrong,joy
https://towardsdatascience.com/native-support-of-categories-in-xgboost-how-does-it-work-d359096bd003,Native support of categories in XGBoost: how does it work?,native support category xgboost work,love
https://medium.com/swlh/i-wrote-every-day-for-960-days-heres-the-simple-process-that-turned-me-into-a-pro-99f4e94d2e2f,"<strong class=""markup--strong markup--h3-strong"">I Wrote Every Day for 960 Days, Here’s the Simple Process That Turned Me Into a Pro</strong>",strong classmarkupstrong markuphstrongi write every day day heres simple process turn prostrong,joy
https://medium.com/swlh/new-linkedin-updates-you-will-love-95791af57547,New LinkedIn Updates You Will Love,new linkedin update love,joy
https://towardsdatascience.com/the-art-of-solving-any-data-science-problem-simple-tips-for-a-better-outcome-b9d4a484166e,The Art of Solving Any Data Science Problem — Simple Tips For A Better Outcome,art solve data science problem simple tip good outcome,joy
https://towardsdatascience.com/a-complete-word-processing-with-python-ac4e66963f40,A complete word processing with Python,complete word processing python,joy
https://uxdesign.cc/exploring-the-ethics-of-persuasive-design-fc06ef847ebe,"<strong class=""markup--strong markup--h3-strong"">Exploring the ethics of persuasive design</strong>",strong classmarkupstrong markuphstrongexploring ethic persuasive designstrong,joy
https://medium.com/swlh/five-types-of-content-that-are-overused-to-boredom-b58a0731cd7a,Five Types of Content That Are Overused to Boredom,five type content overuse boredom,joy
https://writingcooperative.com/the-complete-article-checklist-before-publishing-last-one-you-will-ever-need-6c26b806cd2b,The Complete Article Checklist Before Publishing — Last One You Will Ever Need,complete article checklist publish last one ever need,joy
https://writingcooperative.com/write-now-with-sylvia-day-eac17e1e4e46,Write Now With Sylvia Day,write sylvia day,joy
https://towardsdatascience.com/12-ways-to-test-your-forecasts-like-a-pro-a783016c2515,12 Ways to Test Your Forecasts like A Pro,way test forecast like pro,joy
https://towardsdatascience.com/python-args-kwargs-and-all-other-ways-to-pass-arguments-to-your-function-bd2acdce72b5,"Python args, kwargs, and All Other Ways to Pass Arguments to Your Function",python args kwargs way pass argument function,joy
https://towardsdatascience.com/applied-reinforcement-learning-vi-deep-deterministic-policy-gradients-ddpg-for-continuous-dad372f6cb1d,Applied Reinforcement Learning VI: Deep Deterministic Policy Gradients (DDPG) for Continuous Control,apply reinforcement learn vi deep deterministic policy gradient ddpg continuous control,joy
https://medium.com/swlh/signs-youre-doing-good-with-money-even-if-it-doesn-t-feel-like-it-1e3f393c5336,Signs You’re Doing Good with Money (Even If It Doesn’t Feel like It),sign youre good money even doesnt feel like,joy
https://medium.com/swlh/i-tried-substack-for-a-month-you-wont-believe-what-happened-2c00fb71a36e,"I Tried Substack for a Month, You Won’t Believe What Happened",try substack month wont believe happen,joy
https://writingcooperative.com/depression-robbed-me-of-my-words-then-it-blessed-me-with-my-writing-c64bb61d196d,"Depression Robbed Me of My Words, Then It Blessed Me with My Writing",depression rob word bless writing,love
https://writingcooperative.com/ai-is-coming-for-content-creators-69e6febbf167,AI Is Coming for Content Creators,ai come content creator,joy
https://towardsdatascience.com/machine-learning-does-not-only-predict-the-future-it-actively-creates-it-1615895c80a9,"<strong class=""markup--strong markup--h3-strong"">Machine Learning Does Not Only Predict the Future, It Actively Creates It</strong>",strong classmarkupstrong markuphstrongmachine learning predict future actively create itstrong,joy
https://medium.com/swlh/how-this-indian-creator-50xed-his-following-in-one-month-630a5c1bd174,How This Indian Creator 50Xed His Following In One Month,indian creator xed follow one month,joy
https://medium.com/swlh/the-googles-new-experience-algorithm-every-content-writer-should-know-about-e7e5e615e649,The Google’s New “Experience” Algorithm Every Content Writer Should Know About,google new experience algorithm every content writer know,joy
https://writingcooperative.com/how-to-write-a-good-lead-9-winning-formulas-4456f3f91fa1,How to Write a Good Lead: 9 Winning Formulas,write good lead win formula,joy
https://writingcooperative.com/make-yourself-the-most-popular-writer-dont-make-these-mistakes-a49717de9d30,Make Yourself the Most Popular Writer — Don’t Make These Mistakes,make popular writer dont make mistake,joy
https://towardsdatascience.com/how-to-find-the-best-theoretical-distribution-for-your-data-a26e5673b4bd,How to Find the Best Theoretical Distribution for Your Data,find best theoretical distribution data,joy
https://towardsdatascience.com/how-to-survive-the-data-explosion-when-adopting-a-modern-data-stack-15ff12ec86c1,"<strong class=""markup--strong markup--h3-strong"">How to survive the data explosion when adopting a modern data stack</strong>",strong classmarkupstrong markuphstronghow survive data explosion adopt modern data stackstrong,joy
https://medium.com/swlh/did-you-know-you-have-to-be-successful-before-you-get-support-caaa2c79d00e,Did You Know You Have To Be Successful *Before* You Get Support?,know successful get support,love
https://writingcooperative.com/help-my-protagonist-is-just-like-me-f72d71f520f0,Help! My Protagonist Is Just Like Me!,help protagonist like,joy
https://writingcooperative.com/how-to-fall-in-love-with-editing-and-stop-sabotaging-your-writing-success-fc7b0187e827,How to Fall in Love with Editing and Stop Sabotaging Your Writing Success,fall love editing stop sabotage writing success,joy
https://towardsdatascience.com/solving-the-class-imbalance-problem-58cb926b5a0f,"<strong class=""markup--strong markup--h3-strong"">Solving The Class Imbalance Problem</strong>",strong classmarkupstrong markuphstrongsolving class imbalance problemstrong,joy
https://towardsdatascience.com/ml-basics-part-4-decision-trees-cc37d07137b2,"<strong class=""markup--strong markup--h3-strong"">ML Basics (Part-4): Decision Trees</strong>",strong classmarkupstrong markuphstrongml basic part decision treesstrong,joy
https://towardsdatascience.com/optimizing-browsing-a-taxonomy-30596bcdbd9d,"<strong class=""markup--strong markup--h3-strong"">Optimizing Browsing A Taxonomy</strong>",strong classmarkupstrong markuphstrongoptimizing browse taxonomystrong,joy
https://medium.com/swlh/navigating-the-ethical-contours-of-ai-copy-generators-like-chatgpt-f07a0c01e311,Navigating the Ethical Contours of AI Copy Generators Like ChatGPT,navigate ethical contour ai copy generator like chatgpt,love
https://towardsdatascience.com/why-convolve-understanding-convolution-and-feature-extraction-in-deep-networks-ee45d1fdd17c,"<strong class=""markup--strong markup--h3-strong"">Why Convolve? Understanding Convolution and Feature Extraction in Deep Networks</strong>",strong classmarkupstrong markuphstrongwhy convolve understand convolution feature extraction deep networksstrong,joy
https://uxdesign.cc/setting-boundaries-between-design-and-research-c92dd159efba,Setting boundaries between design and research,set boundary design research,joy
https://medium.com/swlh/7-super-simple-writing-side-hustles-how-i-make-5-250-month-8cf0174ea136,"7 Super Simple Writing Side Hustles — How I Make $5,250+/Month",super simple write side hustle make month,joy
https://medium.com/swlh/ive-been-growing-my-site-for-18-months-here-s-what-i-achieved-151e8520ce45,I've Been Growing My Site For 18 Months — Here's What I Achieved,ive grow site month heres achieve,joy
https://medium.com/swlh/from-ordinary-to-extraordinary-4-ways-to-harness-the-power-of-unique-insights-in-your-content-9f518493653c,From Ordinary to Extraordinary: 4 Ways to Harness the Power of Unique Insights in Your Content,ordinary extraordinary way harness power unique insight content,joy
https://medium.com/swlh/3-things-i-wished-i-learned-about-making-money-writing-online-before-going-all-in-6e948ca240ff,"<strong class=""markup--strong markup--h3-strong"">3 Things I Wished I Learned About Making Money Writing Online Before Going All In</strong>",strong classmarkupstrong markuphstrong thing wish learn make money write online go instrong,joy
https://writingcooperative.com/yes-you-can-become-a-better-writer-624ef035a946,"Yes, You CAN Become a Better Writer",yes become good writer,joy
https://towardsdatascience.com/how-to-send-tabular-time-series-data-to-apache-kafka-with-python-and-pandas-39e2055373c3,How to send tabular time series data to Apache Kafka with Python and Pandas,send tabular time series data apache kafka python panda,joy
https://towardsdatascience.com/can-reinforcement-learning-generalize-beyond-its-training-3b9012d8e4cf,"<strong class=""markup--strong markup--h3-strong"">Can Reinforcement Learning Generalize Beyond Its Training?</strong>",strong classmarkupstrong markuphstrongcan reinforcement learn generalize beyond trainingstrong,joy
https://medium.com/swlh/chatgpt-is-massively-overhyped-its-time-we-all-calmed-down-972682ed79e6,ChatGPT Is Massively Overhyped. It’s Time We All Calmed Down.,chatgpt massively overhyped time calm,joy
https://towardsdatascience.com/hacking-causal-inference-synthetic-control-with-ml-approaches-7f3c19c7abfa,Hacking Causal Inference: Synthetic Control with ML approaches,hack causal inference synthetic control ml approach,joy
https://medium.com/swlh/buzzword-bingo-how-to-win-every-meeting-and-keep-yourself-from-screaming-984977b9ed34,The 8 Meaningless Corporate Phrases You’ll Hear At Every Meeting,meaningless corporate phrase youll hear every meeting,joy
https://medium.com/swlh/5-changes-im-making-so-my-solopreneur-biz-prints-more-money-31d6e2276a35,5 Changes I’m Making So My Solopreneur Biz Prints [More] Money,change im make solopreneur biz print money,joy
https://medium.com/swlh/freelance-writing-v-publishing-on-content-platforms-which-is-good-for-you-55cab60f9b5c,Freelance Writing vs Writing on Content Platforms — Which Is Good for You?,freelance write v write content platform good,joy
https://medium.com/swlh/embrace-the-chaos-write-from-the-moment-4890fb35add1,"<strong class=""markup--strong markup--h3-strong"">Embrace the Chaos. Write from the Moment.</strong>",strong classmarkupstrong markuphstrongembrace chaos write momentstrong,joy
https://towardsdatascience.com/reinforcement-learning-basics-1-understanding-stochastic-theory-underlying-an-mdp-e770be0665cf,"<strong class=""markup--strong markup--h3-strong"">Reinforcement Learning Basics: Understanding Stochastic Theory Underlying a Markov Decision Process</strong>",strong classmarkupstrong markuphstrongreinforcement learn basic understanding stochastic theory underlie markov decision processstrong,joy
https://uxdesign.cc/thinking-like-a-platform-3cf956e7c685,Thinking like a platform,think like platform,love
https://medium.com/swlh/create-1-year-of-content-ideas-with-chatgpt-84a56c4480ed,Create 1 Year of Content Ideas With ChatGPT,create year content idea chatgpt,joy
https://medium.com/swlh/5-smart-ways-to-consume-content-as-an-entrepreneur-28545da3dee2,5 Smart Ways to Consume Content as an Entrepreneur,smart way consume content entrepreneur,joy
https://writingcooperative.com/why-getting-scammed-again-didnt-ruin-my-day-9fc105c0e64d,Why Getting Scammed Again Didn’t Ruin My Day,get scammed didnt ruin day,joy
https://writingcooperative.com/3-simple-ways-to-improve-your-supporting-characters-2a4d80c2c4c4,3 Simple Ways to Improve Your Supporting Characters,simple way improve support character,love
https://towardsdatascience.com/time-series-data-markov-transition-matrices-7060771e362b,Back to the Future: Analyzing Time Series Data with Markov Transition Matrices,back future analyze time series data markov transition matrix,joy
https://towardsdatascience.com/shap-for-time-series-event-detection-5b4d9d0f96f4,SHAP for Time Series Event Detection,shap time series event detection,joy
https://towardsdatascience.com/how-to-be-a-better-business-data-scientist-4e0c597088f,How To Be a Better Business Data Scientist,good business data scientist,joy
https://uxdesign.cc/creating-a-viva-magenta-sequence-for-data-visualization-2fbc006f9d36,"<strong class=""markup--strong markup--h3-strong"">Creating a Viva Magenta sequence for data visualization</strong>",strong classmarkupstrong markuphstrongcreating viva magenta sequence data visualizationstrong,joy
https://medium.com/swlh/four-surprising-ways-chatgpt-can-hinder-your-professional-life-e0bfd8178c95,Four Surprising Ways ChatGPT Can Hinder Your Professional Life,four surprising way chatgpt hinder professional life,joy
https://writingcooperative.com/the-fall-and-rise-of-my-love-for-writing-fb811e3aaa8a,The Fall and Rise of My Love for Writing,fall rise love write,joy
https://writingcooperative.com/in-search-of-the-best-titles-79b5dc9a418,In Search of the Best Titles,search best title,joy
https://medium.com/swlh/are-you-accidentally-building-the-second-hardest-type-of-startup-931d9667dc40,"<strong class=""markup--strong markup--h3-strong"">Are You Accidentally Building the Second Hardest Type of Startup?</strong>",strong classmarkupstrong markuphstrongare accidentally build second hardest type startupstrong,joy
https://medium.com/swlh/from-zero-to-3-000-a-month-my-online-side-hustle-success-story-and-heres-how-you-can-a7bf565db2a0,"From Zero to $3,000 a Month: My Online Side-Hustle Success Story and Here’s How You Can",zero month online sidehustle success story heres,joy
https://medium.com/swlh/time-management-content-creators-2134bf73e67f,Time Management for Content Creators: 5 Radical Ways to Get More Done in Less Time,time management content creator radical way get do less time,joy
https://medium.com/swlh/4-simple-things-we-can-do-to-poke-our-online-writers-thinking-box-4e50735d0a72,"<strong class=""markup--strong markup--h3-strong"">4 Simple Things We Can Do to Poke Our Online Writer’s Thinking Box</strong>",strong classmarkupstrong markuphstrong simple thing poke online writer think boxstrong,joy
https://writingcooperative.com/most-writers-sound-like-beggars-when-they-ask-readers-to-support-their-writing-d7899b10a04e,Most Writers Sound like Beggars When They Ask Readers to “Support Their Writing”,writer sound like beggar ask reader support writing,love
https://towardsdatascience.com/what-stops-you-from-getting-your-first-data-science-job-ccf93e4187d4,"<strong class=""markup--strong markup--h3-strong"">What Stops You From Getting Your First Data Science Job?</strong>",strong classmarkupstrong markuphstrongwhat stop get first data science jobstrong,joy
https://medium.com/swlh/how-i-convinced-myself-to-stop-worrying-about-chatgpt-and-embrace-our-new-a-i-overlords-302c454d2bff,"<strong class=""markup--strong markup--h3-strong"">How I Convinced Myself to Stop Worrying About ChatGPT and Embrace Our New A.I. Overlords</strong>",strong classmarkupstrong markuphstronghow convince stop worry chatgpt embrace new ai overlordsstrong,joy
https://medium.com/swlh/how-content-creators-can-also-start-online-course-empires-236bc8c3434f,How Content Creators Can Also Start Online Course Empires,content creator also start online course empire,joy
https://medium.com/swlh/how-to-set-rates-as-a-freelancer-and-ensure-youre-getting-paid-what-you-re-worth-ff0e5e0f5063,How to Set Rates as a Freelancer and Ensure You’re Getting Paid What You’re Worth,set rate freelancer ensure youre get pay youre worth,joy
https://writingcooperative.com/thriller-suspense-vs-horror-suspense-e97c89270c64,"<strong class=""markup--strong markup--h3-strong"">Thriller Suspense vs Horror Suspense</strong>",strong classmarkupstrong markuphstrongthriller suspense v horror suspensestrong,joy
https://writingcooperative.com/what-my-latest-trip-taught-me-about-being-a-writer-4a10a33e7214,What My Latest Trip Taught Me About Being a Writer,late trip teach writer,joy
https://towardsdatascience.com/parquet-best-practices-discover-your-data-without-loading-them-f854c57a45b6,Parquet Best Practices: Discover your Data without loading it,parquet best practice discover data without load,joy
https://towardsdatascience.com/how-to-analyse-your-time-series-model-using-residuals-f980f597332e,How To Analyse Your Time Series Model Using Residuals,analyse time series model use residual,joy
https://medium.com/swlh/heres-how-to-join-the-creator-economy-in-2023-and-change-your-life-e473b6b93ff8,Here’s How to Join the Creator Economy in 2023 and Change Your Life,heres join creator economy change life,joy
https://medium.com/swlh/3-timeless-workplace-principles-i-wished-a-mentor-imparted-me-at-25-6110621ec164,"<strong class=""markup--strong markup--h3-strong"">3 Timeless Workplace Principles I Wished A Mentor Imparted Me at 25</strong>",strong classmarkupstrong markuphstrong timeless workplace principle wish mentor impart strong,joy
https://writingcooperative.com/good-news-ai-says-that-ai-cant-replace-writers-but-it-wrote-it-rather-ominously-7e058f2d03ba,Good News! AI Says That AI Can’t Replace Writers — BUT it Wrote it Rather Ominously,good news ai say ai cant replace writer write rather ominously,joy
https://towardsdatascience.com/berxit-early-exiting-for-bert-6f76b2f561c5,"<strong class=""markup--strong markup--h3-strong"">BERxiT: Early Exiting for BERT</strong>",strong classmarkupstrong markuphstrongberxit early exiting bertstrong,joy
https://medium.com/swlh/how-to-create-an-online-business-that-makes-you-happy-even-when-your-job-is-ok-b90840412997,How to create an online business that makes you happy (even when your job is ok),create online business make happy even job ok,joy
https://medium.com/swlh/how-i-wrote-20-articles-a-month-with-a-full-time-job-db93fb2eac4c,How I Wrote 20 Articles a Month (With a Full-time Job),write article month fulltime job,joy
https://medium.com/swlh/the-dead-simple-content-review-system-that-you-can-steal-c61d653003ee,The Dead-Simple Content Review System That You Can Steal,deadsimple content review system steal,joy
https://medium.com/swlh/want-to-release-a-bestseller-heres-a-plan-9f304f593565,"<strong class=""markup--strong markup--h3-strong"">Want to Release a Bestseller? Here’s A Plan.</strong>",strong classmarkupstrong markuphstrongwant release bestseller heres planstrong,joy
https://towardsdatascience.com/unimpressed-with-your-scatter-and-bar-plots-give-these-four-classic-alternatives-a-try-a3bab20d4872,"<strong class=""markup--strong markup--h3-strong"">Unimpressed With Your Scatter and Bar Plots? Give These Four Classic Alternatives A Try.</strong>",strong classmarkupstrong markuphstrongunimpressed scatter bar plot give four classic alternative trystrong,joy
https://towardsdatascience.com/secret-sauce-of-successful-segmentation-74e0c48d84ba,Secret Sauce of Successful Segmentations,secret sauce successful segmentation,joy
https://medium.com/swlh/7-amazing-ai-tools-that-you-should-start-using-no-matter-what-you-do-2912105750e0,7 Amazing AI Tools That You Should Start Using No Matter What You Do,amaze ai tool start use matter,joy
https://writingcooperative.com/criticism-hurts-like-being-bullied-but-it-wont-kill-you-23eab2a909a6,The Best Solution Is To Become Bulletproof,best solution become bulletproof,joy
https://writingcooperative.com/3-easy-ways-to-improve-your-novels-romantic-chemistry-fa6b54a093cb,3 Easy Ways to Improve Your Novel’s Romantic Chemistry,easy way improve novel romantic chemistry,love
https://towardsdatascience.com/supporting-pieces-for-data-storytelling-a0b5c69a476c,Supporting Pieces For Data Storytelling,support piece data storytelling,love
https://towardsdatascience.com/the-complete-guide-for-creating-a-good-pypi-package-acb5420a03f8,The Most Complete Guide for Creating a ,complete guide create,joy
https://medium.com/swlh/12-sentences-about-money-no-one-wants-to-hear-395df945390e,12 Sentences About Money No One Wants to Hear,sentence money one want hear,joy
https://medium.com/swlh/write-winning-titles-every-time-with-these-7-free-headline-analyzers-d74399feea73,Write Winning Titles Every Time With These 7 Free Headline Analyzers,write winning title every time free headline analyzer,joy
https://writingcooperative.com/writing-anxiety-ab9d673ee180,"<strong class=""markup--strong markup--h3-strong"">How to Reduce Writing Anxiety and Generate Limitless Ideas</strong>",strong classmarkupstrong markuphstronghow reduce write anxiety generate limitless ideasstrong,joy
https://uxdesign.cc/midjourney-vs-dalle-whats-the-best-ai-for-ui-design-c99fd41fe4b7,Midjourney vs Dalle: what’s the best AI for UI Design?,midjourney v dalle whats best ai ui design,joy
https://uxdesign.cc/designing-redundancies-is-healthy-57dda9944e61,Designing redundancies is healthy,design redundancy healthy,joy
https://writingcooperative.com/recognizing-these-three-realities-can-help-set-you-up-for-success-as-a-digital-writer-8caeb1db529a,Recognizing These Three Realities Can Help Set You Up for Success as a Digital Writer,recognize three reality help set success digital writer,joy
